Using vips to process variants requires the libvips library. Please install libvips using the instructions on the libvips website.
Using vips to process variants requires the libvips library. Please install libvips using the instructions on the libvips website.
Using vips to process variants requires the libvips library. Please install libvips using the instructions on the libvips website.
Using vips to process variants requires the libvips library. Please install libvips using the instructions on the libvips website.
Using vips to process variants requires the libvips library. Please install libvips using the instructions on the libvips website.
Using vips to process variants requires the libvips library. Please install libvips using the instructions on the libvips website.
  [1m[35mSQL (0.1ms)[0m  [1m[35mSET search_path TO public /*application='Roomies'*/[0m
  [1m[35m (85.4ms)[0m  [1m[35mCREATE DATABASE "roomies_development" ENCODING = 'unicode' /*application='Roomies'*/[0m
  [1m[35mSQL (0.0ms)[0m  [1m[35mSET search_path TO public /*application='Roomies'*/[0m
  [1m[35m (58.6ms)[0m  [1m[35mCREATE DATABASE "roomies_test" ENCODING = 'unicode' /*application='Roomies'*/[0m
Using vips to process variants requires the libvips library. Please install libvips using the instructions on the libvips website.
  [1m[35m (4.9ms)[0m  [1m[35mCREATE TABLE "schema_migrations" ("version" character varying NOT NULL PRIMARY KEY) /*application='Roomies'*/[0m
  [1m[35m (2.6ms)[0m  [1m[35mCREATE TABLE "ar_internal_metadata" ("key" character varying NOT NULL PRIMARY KEY, "value" character varying, "created_at" timestamp(6) NOT NULL, "updated_at" timestamp(6) NOT NULL) /*application='Roomies'*/[0m
  [1m[35m (0.1ms)[0m  [1m[34mSELECT pg_try_advisory_lock(5377696904168402940) /*application='Roomies'*/[0m
  [1m[36mActiveRecord::SchemaMigration Load (0.6ms)[0m  [1m[34mSELECT "schema_migrations"."version" FROM "schema_migrations" ORDER BY "schema_migrations"."version" ASC /*application='Roomies'*/[0m
  [1m[36mActiveRecord::InternalMetadata Load (0.8ms)[0m  [1m[34mSELECT * FROM "ar_internal_metadata" WHERE "ar_internal_metadata"."key" = 'environment' ORDER BY "ar_internal_metadata"."key" ASC LIMIT 1 /*application='Roomies'*/[0m
  [1m[36mActiveRecord::InternalMetadata Create (0.8ms)[0m  [1m[32mINSERT INTO "ar_internal_metadata" ("key", "value", "created_at", "updated_at") VALUES ('environment', 'development', '2026-10-04 22:16:10.102940', '2026-10-04 22:16:10.102942') RETURNING "key" /*application='Roomies'*/[0m
Migrating to CreateRoomiesSchema (20261004120000)
  [1m[36mTRANSACTION (0.1ms)[0m  [1m[35mBEGIN /*application='Roomies'*/[0m
  [1m[35m (4.2ms)[0m  [1m[35mCREATE TABLE "users" ("id" bigserial primary key, "name" character varying NOT NULL, "email" character varying NOT NULL, "password_digest" character varying NOT NULL, "role" character varying DEFAULT 'member' NOT NULL, "phone" character varying, "created_at" timestamp(6) NOT NULL, "updated_at" timestamp(6) NOT NULL) /*application='Roomies'*/[0m
  [1m[35m (0.9ms)[0m  [1m[35mCREATE UNIQUE INDEX "index_users_on_email" ON "users" ("email") /*application='Roomies'*/[0m
  [1m[35m (3.7ms)[0m  [1m[35mCREATE TABLE "neighborhoods" ("id" bigserial primary key, "name" character varying NOT NULL, "city" character varying NOT NULL, "created_at" timestamp(6) NOT NULL, "updated_at" timestamp(6) NOT NULL) /*application='Roomies'*/[0m
  [1m[35m (1.1ms)[0m  [1m[35mCREATE UNIQUE INDEX "index_neighborhoods_on_name" ON "neighborhoods" ("name") /*application='Roomies'*/[0m
  [1m[35m (3.2ms)[0m  [1m[35mCREATE TABLE "amenities" ("id" bigserial primary key, "name" character varying NOT NULL, "created_at" timestamp(6) NOT NULL, "updated_at" timestamp(6) NOT NULL) /*application='Roomies'*/[0m
  [1m[35m (0.9ms)[0m  [1m[35mCREATE UNIQUE INDEX "index_amenities_on_name" ON "amenities" ("name") /*application='Roomies'*/[0m
  [1m[35m (5.1ms)[0m  [1m[35mCREATE TABLE "properties" ("id" bigserial primary key, "host_id" bigint NOT NULL, "neighborhood_id" bigint NOT NULL, "address" character varying NOT NULL, "property_type" character varying NOT NULL, "bedrooms" integer NOT NULL, "bathrooms" integer NOT NULL, "shared_spaces" text, "created_at" timestamp(6) NOT NULL, "updated_at" timestamp(6) NOT NULL, CONSTRAINT "fk_rails_564c4a1614"
FOREIGN KEY ("host_id")
  REFERENCES "users" ("id")
, CONSTRAINT "fk_rails_659aeb2874"
FOREIGN KEY ("neighborhood_id")
  REFERENCES "neighborhoods" ("id")
) /*application='Roomies'*/[0m
  [1m[35m (0.8ms)[0m  [1m[35mCREATE INDEX "index_properties_on_host_id" ON "properties" ("host_id") /*application='Roomies'*/[0m
  [1m[35m (0.8ms)[0m  [1m[35mCREATE INDEX "index_properties_on_neighborhood_id" ON "properties" ("neighborhood_id") /*application='Roomies'*/[0m
  [1m[35m (2.2ms)[0m  [1m[35mCREATE TABLE "property_amenities" ("id" bigserial primary key, "property_id" bigint NOT NULL, "amenity_id" bigint NOT NULL, "created_at" timestamp(6) NOT NULL, "updated_at" timestamp(6) NOT NULL, CONSTRAINT "fk_rails_e71b8c80fc"
FOREIGN KEY ("property_id")
  REFERENCES "properties" ("id")
, CONSTRAINT "fk_rails_f37dc1f85f"
FOREIGN KEY ("amenity_id")
  REFERENCES "amenities" ("id")
) /*application='Roomies'*/[0m
  [1m[35m (0.8ms)[0m  [1m[35mCREATE INDEX "index_property_amenities_on_property_id" ON "property_amenities" ("property_id") /*application='Roomies'*/[0m
  [1m[35m (0.7ms)[0m  [1m[35mCREATE INDEX "index_property_amenities_on_amenity_id" ON "property_amenities" ("amenity_id") /*application='Roomies'*/[0m
  [1m[35m (0.7ms)[0m  [1m[35mCREATE UNIQUE INDEX "index_property_amenities_on_property_id_and_amenity_id" ON "property_amenities" ("property_id", "amenity_id") /*application='Roomies'*/[0m
  [1m[35m (3.4ms)[0m  [1m[35mCREATE TABLE "listings" ("id" bigserial primary key, "property_id" bigint NOT NULL, "monthly_rent" decimal(10,2) NOT NULL, "deposit" decimal(10,2) NOT NULL, "available_on" date NOT NULL, "minimum_stay_months" integer NOT NULL, "furnished" boolean DEFAULT FALSE NOT NULL, "private_bathroom" boolean DEFAULT FALSE NOT NULL, "description" text, "status" character varying DEFAULT 'Draft' NOT NULL, "created_at" timestamp(6) NOT NULL, "updated_at" timestamp(6) NOT NULL, CONSTRAINT "fk_rails_147f5eb13e"
FOREIGN KEY ("property_id")
  REFERENCES "properties" ("id")
) /*application='Roomies'*/[0m
  [1m[35m (0.4ms)[0m  [1m[35mCREATE INDEX "index_listings_on_property_id" ON "listings" ("property_id") /*application='Roomies'*/[0m
  [1m[35m (0.5ms)[0m  [1m[35mCREATE INDEX "index_listings_on_status" ON "listings" ("status") /*application='Roomies'*/[0m
  [1m[35m (2.9ms)[0m  [1m[35mCREATE TABLE "photos" ("id" bigserial primary key, "listing_id" bigint NOT NULL, "image_url" character varying NOT NULL, "position" integer DEFAULT 1 NOT NULL, "created_at" timestamp(6) NOT NULL, "updated_at" timestamp(6) NOT NULL, CONSTRAINT "fk_rails_4208915901"
FOREIGN KEY ("listing_id")
  REFERENCES "listings" ("id")
) /*application='Roomies'*/[0m
  [1m[35m (0.9ms)[0m  [1m[35mCREATE INDEX "index_photos_on_listing_id" ON "photos" ("listing_id") /*application='Roomies'*/[0m
  [1m[35m (4.4ms)[0m  [1m[35mCREATE TABLE "applications" ("id" bigserial primary key, "listing_id" bigint NOT NULL, "seeker_id" bigint NOT NULL, "message" text NOT NULL, "move_in_on" date NOT NULL, "stay_months" integer NOT NULL, "status" character varying DEFAULT 'Pending' NOT NULL, "created_at" timestamp(6) NOT NULL, "updated_at" timestamp(6) NOT NULL, CONSTRAINT "fk_rails_2881ca5d4f"
FOREIGN KEY ("listing_id")
  REFERENCES "listings" ("id")
, CONSTRAINT "fk_rails_be0d8724cc"
FOREIGN KEY ("seeker_id")
  REFERENCES "users" ("id")
) /*application='Roomies'*/[0m
  [1m[35m (0.7ms)[0m  [1m[35mCREATE INDEX "index_applications_on_listing_id" ON "applications" ("listing_id") /*application='Roomies'*/[0m
  [1m[35m (0.7ms)[0m  [1m[35mCREATE INDEX "index_applications_on_seeker_id" ON "applications" ("seeker_id") /*application='Roomies'*/[0m
  [1m[35m (0.7ms)[0m  [1m[35mCREATE UNIQUE INDEX "index_applications_on_listing_id_and_seeker_id" ON "applications" ("listing_id", "seeker_id") /*application='Roomies'*/[0m
  [1m[35m (3.0ms)[0m  [1m[35mCREATE TABLE "visits" ("id" bigserial primary key, "application_id" bigint NOT NULL, "scheduled_at" timestamp(6) NOT NULL, "status" character varying DEFAULT 'Proposed' NOT NULL, "created_at" timestamp(6) NOT NULL, "updated_at" timestamp(6) NOT NULL, CONSTRAINT "fk_rails_f5d2dde823"
FOREIGN KEY ("application_id")
  REFERENCES "applications" ("id")
) /*application='Roomies'*/[0m
  [1m[35m (0.7ms)[0m  [1m[35mCREATE INDEX "index_visits_on_application_id" ON "visits" ("application_id") /*application='Roomies'*/[0m
  [1m[35m (2.8ms)[0m  [1m[35mCREATE TABLE "reviews" ("id" bigserial primary key, "visit_id" bigint NOT NULL, "rating" integer NOT NULL, "comment" text NOT NULL, "matched" boolean DEFAULT FALSE NOT NULL, "reviewed_on" date NOT NULL, "created_at" timestamp(6) NOT NULL, "updated_at" timestamp(6) NOT NULL, CONSTRAINT "fk_rails_4477030b49"
FOREIGN KEY ("visit_id")
  REFERENCES "visits" ("id")
) /*application='Roomies'*/[0m
  [1m[35m (0.8ms)[0m  [1m[35mCREATE UNIQUE INDEX "index_reviews_on_visit_id" ON "reviews" ("visit_id") /*application='Roomies'*/[0m
  [1m[35m (3.5ms)[0m  [1m[35mCREATE TABLE "reports" ("id" bigserial primary key, "listing_id" bigint NOT NULL, "reporter_id" bigint NOT NULL, "reason" text NOT NULL, "status" character varying DEFAULT 'Pending' NOT NULL, "moderator_id" bigint, "resolved_on" date, "created_at" timestamp(6) NOT NULL, "updated_at" timestamp(6) NOT NULL, CONSTRAINT "fk_rails_2608b92ec4"
FOREIGN KEY ("listing_id")
  REFERENCES "listings" ("id")
, CONSTRAINT "fk_rails_c4cb6e6463"
FOREIGN KEY ("reporter_id")
  REFERENCES "users" ("id")
, CONSTRAINT "fk_rails_cfe003e081"
FOREIGN KEY ("moderator_id")
  REFERENCES "users" ("id")
) /*application='Roomies'*/[0m
  [1m[35m (0.7ms)[0m  [1m[35mCREATE INDEX "index_reports_on_listing_id" ON "reports" ("listing_id") /*application='Roomies'*/[0m
  [1m[35m (0.7ms)[0m  [1m[35mCREATE INDEX "index_reports_on_reporter_id" ON "reports" ("reporter_id") /*application='Roomies'*/[0m
  [1m[35m (0.7ms)[0m  [1m[35mCREATE INDEX "index_reports_on_moderator_id" ON "reports" ("moderator_id") /*application='Roomies'*/[0m
  [1m[35m (2.3ms)[0m  [1m[35mCREATE TABLE "saved_listings" ("id" bigserial primary key, "user_id" bigint NOT NULL, "listing_id" bigint NOT NULL, "created_at" timestamp(6) NOT NULL, "updated_at" timestamp(6) NOT NULL, CONSTRAINT "fk_rails_1a5b9f451a"
FOREIGN KEY ("user_id")
  REFERENCES "users" ("id")
, CONSTRAINT "fk_rails_63efe8ab53"
FOREIGN KEY ("listing_id")
  REFERENCES "listings" ("id")
) /*application='Roomies'*/[0m
  [1m[35m (0.9ms)[0m  [1m[35mCREATE INDEX "index_saved_listings_on_user_id" ON "saved_listings" ("user_id") /*application='Roomies'*/[0m
  [1m[35m (0.7ms)[0m  [1m[35mCREATE INDEX "index_saved_listings_on_listing_id" ON "saved_listings" ("listing_id") /*application='Roomies'*/[0m
  [1m[35m (0.5ms)[0m  [1m[35mCREATE UNIQUE INDEX "index_saved_listings_on_user_id_and_listing_id" ON "saved_listings" ("user_id", "listing_id") /*application='Roomies'*/[0m
  [1m[36mActiveRecord::SchemaMigration Create (0.2ms)[0m  [1m[32mINSERT INTO "schema_migrations" ("version") VALUES ('20261004120000') RETURNING "version" /*application='Roomies'*/[0m
  [1m[36mTRANSACTION (0.5ms)[0m  [1m[35mCOMMIT /*application='Roomies'*/[0m
  [1m[35m (3.1ms)[0m  [1m[34mSELECT pg_advisory_unlock(5377696904168402940) /*application='Roomies'*/[0m
  [1m[36mActiveRecord::SchemaMigration Load (0.1ms)[0m  [1m[34mSELECT "schema_migrations"."version" FROM "schema_migrations" ORDER BY "schema_migrations"."version" ASC /*application='Roomies'*/[0m
  [1m[35mSQL (0.1ms)[0m  [1m[35mSET search_path TO public /*application='Roomies'*/[0m
  [1m[35mSQL (0.1ms)[0m  [1m[35mSET search_path TO "$user", public /*application='Roomies'*/[0m
  [1m[35mSQL (0.0ms)[0m  [1m[35mSET search_path TO public /*application='Roomies'*/[0m
  [1m[35mSQL (0.0ms)[0m  [1m[35mSET search_path TO "$user", public /*application='Roomies'*/[0m
Using vips to process variants requires the libvips library. Please install libvips using the instructions on the libvips website.
  [1m[36mActiveRecord::SchemaMigration Load (0.5ms)[0m  [1m[34mSELECT "schema_migrations"."version" FROM "schema_migrations" ORDER BY "schema_migrations"."version" ASC /*application='Roomies'*/[0m
  [1m[36mReview Load (0.9ms)[0m  [1m[34mSELECT "reviews".* FROM "reviews" /*application='Roomies'*/[0m
  [1m[36mVisit Load (0.7ms)[0m  [1m[34mSELECT "visits".* FROM "visits" /*application='Roomies'*/[0m
  [1m[36mApplication Load (1.1ms)[0m  [1m[34mSELECT "applications".* FROM "applications" /*application='Roomies'*/[0m
  [1m[36mSavedListing Load (1.0ms)[0m  [1m[34mSELECT "saved_listings".* FROM "saved_listings" /*application='Roomies'*/[0m
  [1m[36mReport Load (0.7ms)[0m  [1m[34mSELECT "reports".* FROM "reports" /*application='Roomies'*/[0m
  [1m[36mPhoto Load (0.6ms)[0m  [1m[34mSELECT "photos".* FROM "photos" /*application='Roomies'*/[0m
  [1m[36mPropertyAmenity Load (0.7ms)[0m  [1m[34mSELECT "property_amenities".* FROM "property_amenities" /*application='Roomies'*/[0m
  [1m[36mListing Load (0.7ms)[0m  [1m[34mSELECT "listings".* FROM "listings" /*application='Roomies'*/[0m
  [1m[36mProperty Load (0.7ms)[0m  [1m[34mSELECT "properties".* FROM "properties" /*application='Roomies'*/[0m
  [1m[36mAmenity Load (0.6ms)[0m  [1m[34mSELECT "amenities".* FROM "amenities" /*application='Roomies'*/[0m
  [1m[36mNeighborhood Load (0.5ms)[0m  [1m[34mSELECT "neighborhoods".* FROM "neighborhoods" /*application='Roomies'*/[0m
  [1m[36mUser Load (0.4ms)[0m  [1m[34mSELECT "users".* FROM "users" /*application='Roomies'*/[0m
  [1m[36mTRANSACTION (0.0ms)[0m  [1m[35mBEGIN /*application='Roomies'*/[0m
  [1m[36mNeighborhood Exists? (0.6ms)[0m  [1m[34mSELECT 1 AS one FROM "neighborhoods" WHERE "neighborhoods"."name" = 'Providencia' LIMIT 1 /*application='Roomies'*/[0m
  [1m[36mNeighborhood Create (0.8ms)[0m  [1m[32mINSERT INTO "neighborhoods" ("name", "city", "created_at", "updated_at") VALUES ('Providencia', 'Santiago', '2026-10-04 22:16:15.342729', '2026-10-04 22:16:15.342729') RETURNING "id" /*application='Roomies'*/[0m
  [1m[36mTRANSACTION (0.3ms)[0m  [1m[35mCOMMIT /*application='Roomies'*/[0m
  [1m[36mTRANSACTION (0.0ms)[0m  [1m[35mBEGIN /*application='Roomies'*/[0m
  [1m[36mNeighborhood Exists? (0.6ms)[0m  [1m[34mSELECT 1 AS one FROM "neighborhoods" WHERE "neighborhoods"."name" = 'Ñuñoa' LIMIT 1 /*application='Roomies'*/[0m
  [1m[36mNeighborhood Create (0.1ms)[0m  [1m[32mINSERT INTO "neighborhoods" ("name", "city", "created_at", "updated_at") VALUES ('Ñuñoa', 'Santiago', '2026-10-04 22:16:15.345781', '2026-10-04 22:16:15.345781') RETURNING "id" /*application='Roomies'*/[0m
  [1m[36mTRANSACTION (0.2ms)[0m  [1m[35mCOMMIT /*application='Roomies'*/[0m
  [1m[36mTRANSACTION (0.1ms)[0m  [1m[35mBEGIN /*application='Roomies'*/[0m
  [1m[36mNeighborhood Exists? (0.5ms)[0m  [1m[34mSELECT 1 AS one FROM "neighborhoods" WHERE "neighborhoods"."name" = 'Las Condes' LIMIT 1 /*application='Roomies'*/[0m
  [1m[36mNeighborhood Create (0.1ms)[0m  [1m[32mINSERT INTO "neighborhoods" ("name", "city", "created_at", "updated_at") VALUES ('Las Condes', 'Santiago', '2026-10-04 22:16:15.347568', '2026-10-04 22:16:15.347568') RETURNING "id" /*application='Roomies'*/[0m
  [1m[36mTRANSACTION (0.1ms)[0m  [1m[35mCOMMIT /*application='Roomies'*/[0m
  [1m[36mTRANSACTION (0.1ms)[0m  [1m[35mBEGIN /*application='Roomies'*/[0m
  [1m[36mNeighborhood Exists? (0.5ms)[0m  [1m[34mSELECT 1 AS one FROM "neighborhoods" WHERE "neighborhoods"."name" = 'Santiago Centro' LIMIT 1 /*application='Roomies'*/[0m
  [1m[36mNeighborhood Create (0.1ms)[0m  [1m[32mINSERT INTO "neighborhoods" ("name", "city", "created_at", "updated_at") VALUES ('Santiago Centro', 'Santiago', '2026-10-04 22:16:15.349331', '2026-10-04 22:16:15.349331') RETURNING "id" /*application='Roomies'*/[0m
  [1m[36mTRANSACTION (0.1ms)[0m  [1m[35mCOMMIT /*application='Roomies'*/[0m
  [1m[36mTRANSACTION (0.1ms)[0m  [1m[35mBEGIN /*application='Roomies'*/[0m
  [1m[36mNeighborhood Exists? (0.5ms)[0m  [1m[34mSELECT 1 AS one FROM "neighborhoods" WHERE "neighborhoods"."name" = 'Macul' LIMIT 1 /*application='Roomies'*/[0m
  [1m[36mNeighborhood Create (0.1ms)[0m  [1m[32mINSERT INTO "neighborhoods" ("name", "city", "created_at", "updated_at") VALUES ('Macul', 'Santiago', '2026-10-04 22:16:15.351173', '2026-10-04 22:16:15.351173') RETURNING "id" /*application='Roomies'*/[0m
  [1m[36mTRANSACTION (0.1ms)[0m  [1m[35mCOMMIT /*application='Roomies'*/[0m
  [1m[36mTRANSACTION (0.1ms)[0m  [1m[35mBEGIN /*application='Roomies'*/[0m
  [1m[36mNeighborhood Exists? (0.5ms)[0m  [1m[34mSELECT 1 AS one FROM "neighborhoods" WHERE "neighborhoods"."name" = 'La Reina' LIMIT 1 /*application='Roomies'*/[0m
  [1m[36mNeighborhood Create (0.1ms)[0m  [1m[32mINSERT INTO "neighborhoods" ("name", "city", "created_at", "updated_at") VALUES ('La Reina', 'Santiago', '2026-10-04 22:16:15.352930', '2026-10-04 22:16:15.352930') RETURNING "id" /*application='Roomies'*/[0m
  [1m[36mTRANSACTION (0.2ms)[0m  [1m[35mCOMMIT /*application='Roomies'*/[0m
  [1m[36mTRANSACTION (0.1ms)[0m  [1m[35mBEGIN /*application='Roomies'*/[0m
  [1m[36mNeighborhood Exists? (0.6ms)[0m  [1m[34mSELECT 1 AS one FROM "neighborhoods" WHERE "neighborhoods"."name" = 'San Miguel' LIMIT 1 /*application='Roomies'*/[0m
  [1m[36mNeighborhood Create (0.2ms)[0m  [1m[32mINSERT INTO "neighborhoods" ("name", "city", "created_at", "updated_at") VALUES ('San Miguel', 'Santiago', '2026-10-04 22:16:15.354689', '2026-10-04 22:16:15.354689') RETURNING "id" /*application='Roomies'*/[0m
  [1m[36mTRANSACTION (0.2ms)[0m  [1m[35mCOMMIT /*application='Roomies'*/[0m
  [1m[36mTRANSACTION (0.1ms)[0m  [1m[35mBEGIN /*application='Roomies'*/[0m
  [1m[36mAmenity Exists? (0.5ms)[0m  [1m[34mSELECT 1 AS one FROM "amenities" WHERE "amenities"."name" = 'WiFi' LIMIT 1 /*application='Roomies'*/[0m
  [1m[36mAmenity Create (0.5ms)[0m  [1m[32mINSERT INTO "amenities" ("name", "created_at", "updated_at") VALUES ('WiFi', '2026-10-04 22:16:15.359082', '2026-10-04 22:16:15.359082') RETURNING "id" /*application='Roomies'*/[0m
  [1m[36mTRANSACTION (0.2ms)[0m  [1m[35mCOMMIT /*application='Roomies'*/[0m
  [1m[36mTRANSACTION (0.1ms)[0m  [1m[35mBEGIN /*application='Roomies'*/[0m
  [1m[36mAmenity Exists? (0.6ms)[0m  [1m[34mSELECT 1 AS one FROM "amenities" WHERE "amenities"."name" = 'Laundry' LIMIT 1 /*application='Roomies'*/[0m
  [1m[36mAmenity Create (0.1ms)[0m  [1m[32mINSERT INTO "amenities" ("name", "created_at", "updated_at") VALUES ('Laundry', '2026-10-04 22:16:15.361318', '2026-10-04 22:16:15.361318') RETURNING "id" /*application='Roomies'*/[0m
  [1m[36mTRANSACTION (0.2ms)[0m  [1m[35mCOMMIT /*application='Roomies'*/[0m
  [1m[36mTRANSACTION (0.1ms)[0m  [1m[35mBEGIN /*application='Roomies'*/[0m
  [1m[36mAmenity Exists? (0.5ms)[0m  [1m[34mSELECT 1 AS one FROM "amenities" WHERE "amenities"."name" = 'Furnished kitchen' LIMIT 1 /*application='Roomies'*/[0m
  [1m[36mAmenity Create (0.1ms)[0m  [1m[32mINSERT INTO "amenities" ("name", "created_at", "updated_at") VALUES ('Furnished kitchen', '2026-10-04 22:16:15.363111', '2026-10-04 22:16:15.363111') RETURNING "id" /*application='Roomies'*/[0m
  [1m[36mTRANSACTION (0.2ms)[0m  [1m[35mCOMMIT /*application='Roomies'*/[0m
  [1m[36mTRANSACTION (0.1ms)[0m  [1m[35mBEGIN /*application='Roomies'*/[0m
  [1m[36mAmenity Exists? (0.5ms)[0m  [1m[34mSELECT 1 AS one FROM "amenities" WHERE "amenities"."name" = 'Parking' LIMIT 1 /*application='Roomies'*/[0m
  [1m[36mAmenity Create (0.1ms)[0m  [1m[32mINSERT INTO "amenities" ("name", "created_at", "updated_at") VALUES ('Parking', '2026-10-04 22:16:15.364901', '2026-10-04 22:16:15.364901') RETURNING "id" /*application='Roomies'*/[0m
  [1m[36mTRANSACTION (0.2ms)[0m  [1m[35mCOMMIT /*application='Roomies'*/[0m
  [1m[36mTRANSACTION (0.1ms)[0m  [1m[35mBEGIN /*application='Roomies'*/[0m
  [1m[36mAmenity Exists? (0.5ms)[0m  [1m[34mSELECT 1 AS one FROM "amenities" WHERE "amenities"."name" = 'Heating' LIMIT 1 /*application='Roomies'*/[0m
  [1m[36mAmenity Create (0.1ms)[0m  [1m[32mINSERT INTO "amenities" ("name", "created_at", "updated_at") VALUES ('Heating', '2026-10-04 22:16:15.366672', '2026-10-04 22:16:15.366672') RETURNING "id" /*application='Roomies'*/[0m
  [1m[36mTRANSACTION (0.2ms)[0m  [1m[35mCOMMIT /*application='Roomies'*/[0m
  [1m[36mTRANSACTION (0.1ms)[0m  [1m[35mBEGIN /*application='Roomies'*/[0m
  [1m[36mAmenity Exists? (0.5ms)[0m  [1m[34mSELECT 1 AS one FROM "amenities" WHERE "amenities"."name" = 'Pet friendly' LIMIT 1 /*application='Roomies'*/[0m
  [1m[36mAmenity Create (0.1ms)[0m  [1m[32mINSERT INTO "amenities" ("name", "created_at", "updated_at") VALUES ('Pet friendly', '2026-10-04 22:16:15.368434', '2026-10-04 22:16:15.368434') RETURNING "id" /*application='Roomies'*/[0m
  [1m[36mTRANSACTION (0.2ms)[0m  [1m[35mCOMMIT /*application='Roomies'*/[0m
  [1m[36mTRANSACTION (0.1ms)[0m  [1m[35mBEGIN /*application='Roomies'*/[0m
  [1m[36mAmenity Exists? (0.5ms)[0m  [1m[34mSELECT 1 AS one FROM "amenities" WHERE "amenities"."name" = 'Gym' LIMIT 1 /*application='Roomies'*/[0m
  [1m[36mAmenity Create (0.1ms)[0m  [1m[32mINSERT INTO "amenities" ("name", "created_at", "updated_at") VALUES ('Gym', '2026-10-04 22:16:15.370248', '2026-10-04 22:16:15.370248') RETURNING "id" /*application='Roomies'*/[0m
  [1m[36mTRANSACTION (0.2ms)[0m  [1m[35mCOMMIT /*application='Roomies'*/[0m
  [1m[36mTRANSACTION (0.1ms)[0m  [1m[35mBEGIN /*application='Roomies'*/[0m
  [1m[36mAmenity Exists? (0.5ms)[0m  [1m[34mSELECT 1 AS one FROM "amenities" WHERE "amenities"."name" = 'Rooftop terrace' LIMIT 1 /*application='Roomies'*/[0m
  [1m[36mAmenity Create (0.1ms)[0m  [1m[32mINSERT INTO "amenities" ("name", "created_at", "updated_at") VALUES ('Rooftop terrace', '2026-10-04 22:16:15.371945', '2026-10-04 22:16:15.371945') RETURNING "id" /*application='Roomies'*/[0m
  [1m[36mTRANSACTION (0.1ms)[0m  [1m[35mCOMMIT /*application='Roomies'*/[0m
  [1m[36mTRANSACTION (0.1ms)[0m  [1m[35mBEGIN /*application='Roomies'*/[0m
  [1m[36mUser Exists? (0.6ms)[0m  [1m[34mSELECT 1 AS one FROM "users" WHERE LOWER("users"."email") = LOWER('moderator@roomies.cl') LIMIT 1 /*application='Roomies'*/[0m
  [1m[36mUser Create (0.4ms)[0m  [1m[32mINSERT INTO "users" ("name", "email", "password_digest", "role", "phone", "created_at", "updated_at") VALUES ('Admin Moderator', 'moderator@roomies.cl', 'seeded', 'moderator', '+56 9 1111 1111', '2026-10-04 22:16:15.378077', '2026-10-04 22:16:15.378077') RETURNING "id" /*application='Roomies'*/[0m
  [1m[36mTRANSACTION (0.1ms)[0m  [1m[35mCOMMIT /*application='Roomies'*/[0m
  [1m[36mTRANSACTION (0.0ms)[0m  [1m[35mBEGIN /*application='Roomies'*/[0m
  [1m[36mUser Exists? (0.5ms)[0m  [1m[34mSELECT 1 AS one FROM "users" WHERE LOWER("users"."email") = LOWER('camila@roomies.cl') LIMIT 1 /*application='Roomies'*/[0m
  [1m[36mUser Create (0.1ms)[0m  [1m[32mINSERT INTO "users" ("name", "email", "password_digest", "role", "phone", "created_at", "updated_at") VALUES ('Camila Rojas', 'camila@roomies.cl', 'seeded', 'member', '+56 9 2222 0000', '2026-10-04 22:16:15.380150', '2026-10-04 22:16:15.380150') RETURNING "id" /*application='Roomies'*/[0m
  [1m[36mTRANSACTION (0.1ms)[0m  [1m[35mCOMMIT /*application='Roomies'*/[0m
  [1m[36mTRANSACTION (0.0ms)[0m  [1m[35mBEGIN /*application='Roomies'*/[0m
  [1m[36mUser Exists? (0.5ms)[0m  [1m[34mSELECT 1 AS one FROM "users" WHERE LOWER("users"."email") = LOWER('diego@roomies.cl') LIMIT 1 /*application='Roomies'*/[0m
  [1m[36mUser Create (0.1ms)[0m  [1m[32mINSERT INTO "users" ("name", "email", "password_digest", "role", "phone", "created_at", "updated_at") VALUES ('Diego Fuentes', 'diego@roomies.cl', 'seeded', 'member', '+56 9 2222 0000', '2026-10-04 22:16:15.381889', '2026-10-04 22:16:15.381889') RETURNING "id" /*application='Roomies'*/[0m
  [1m[36mTRANSACTION (0.1ms)[0m  [1m[35mCOMMIT /*application='Roomies'*/[0m
  [1m[36mTRANSACTION (0.0ms)[0m  [1m[35mBEGIN /*application='Roomies'*/[0m
  [1m[36mUser Exists? (0.5ms)[0m  [1m[34mSELECT 1 AS one FROM "users" WHERE LOWER("users"."email") = LOWER('valentina@roomies.cl') LIMIT 1 /*application='Roomies'*/[0m
  [1m[36mUser Create (0.1ms)[0m  [1m[32mINSERT INTO "users" ("name", "email", "password_digest", "role", "phone", "created_at", "updated_at") VALUES ('Valentina Soto', 'valentina@roomies.cl', 'seeded', 'member', '+56 9 2222 0000', '2026-10-04 22:16:15.383658', '2026-10-04 22:16:15.383658') RETURNING "id" /*application='Roomies'*/[0m
  [1m[36mTRANSACTION (0.3ms)[0m  [1m[35mCOMMIT /*application='Roomies'*/[0m
  [1m[36mTRANSACTION (0.0ms)[0m  [1m[35mBEGIN /*application='Roomies'*/[0m
  [1m[36mUser Exists? (0.5ms)[0m  [1m[34mSELECT 1 AS one FROM "users" WHERE LOWER("users"."email") = LOWER('matias@roomies.cl') LIMIT 1 /*application='Roomies'*/[0m
  [1m[36mUser Create (0.1ms)[0m  [1m[32mINSERT INTO "users" ("name", "email", "password_digest", "role", "phone", "created_at", "updated_at") VALUES ('Matías Herrera', 'matias@roomies.cl', 'seeded', 'member', '+56 9 2222 0000', '2026-10-04 22:16:15.385516', '2026-10-04 22:16:15.385516') RETURNING "id" /*application='Roomies'*/[0m
  [1m[36mTRANSACTION (0.1ms)[0m  [1m[35mCOMMIT /*application='Roomies'*/[0m
  [1m[36mTRANSACTION (0.0ms)[0m  [1m[35mBEGIN /*application='Roomies'*/[0m
  [1m[36mUser Exists? (0.5ms)[0m  [1m[34mSELECT 1 AS one FROM "users" WHERE LOWER("users"."email") = LOWER('renato@roomies.cl') LIMIT 1 /*application='Roomies'*/[0m
  [1m[36mUser Create (0.1ms)[0m  [1m[32mINSERT INTO "users" ("name", "email", "password_digest", "role", "phone", "created_at", "updated_at") VALUES ('Renato Rivadeneira', 'renato@roomies.cl', 'seeded', 'member', '+56 9 3333 0000', '2026-10-04 22:16:15.387141', '2026-10-04 22:16:15.387141') RETURNING "id" /*application='Roomies'*/[0m
  [1m[36mTRANSACTION (0.1ms)[0m  [1m[35mCOMMIT /*application='Roomies'*/[0m
  [1m[36mTRANSACTION (0.0ms)[0m  [1m[35mBEGIN /*application='Roomies'*/[0m
  [1m[36mUser Exists? (0.4ms)[0m  [1m[34mSELECT 1 AS one FROM "users" WHERE LOWER("users"."email") = LOWER('constanza@roomies.cl') LIMIT 1 /*application='Roomies'*/[0m
  [1m[36mUser Create (0.1ms)[0m  [1m[32mINSERT INTO "users" ("name", "email", "password_digest", "role", "phone", "created_at", "updated_at") VALUES ('Constanza Bustamante', 'constanza@roomies.cl', 'seeded', 'member', '+56 9 3333 0000', '2026-10-04 22:16:15.388763', '2026-10-04 22:16:15.388763') RETURNING "id" /*application='Roomies'*/[0m
  [1m[36mTRANSACTION (0.1ms)[0m  [1m[35mCOMMIT /*application='Roomies'*/[0m
  [1m[36mTRANSACTION (0.0ms)[0m  [1m[35mBEGIN /*application='Roomies'*/[0m
  [1m[36mUser Exists? (0.4ms)[0m  [1m[34mSELECT 1 AS one FROM "users" WHERE LOWER("users"."email") = LOWER('elena@roomies.cl') LIMIT 1 /*application='Roomies'*/[0m
  [1m[36mUser Create (0.1ms)[0m  [1m[32mINSERT INTO "users" ("name", "email", "password_digest", "role", "phone", "created_at", "updated_at") VALUES ('Elena Durán', 'elena@roomies.cl', 'seeded', 'member', '+56 9 3333 0000', '2026-10-04 22:16:15.390400', '2026-10-04 22:16:15.390400') RETURNING "id" /*application='Roomies'*/[0m
  [1m[36mTRANSACTION (0.1ms)[0m  [1m[35mCOMMIT /*application='Roomies'*/[0m
  [1m[36mTRANSACTION (0.0ms)[0m  [1m[35mBEGIN /*application='Roomies'*/[0m
  [1m[36mUser Exists? (0.5ms)[0m  [1m[34mSELECT 1 AS one FROM "users" WHERE LOWER("users"."email") = LOWER('tomas@roomies.cl') LIMIT 1 /*application='Roomies'*/[0m
  [1m[36mUser Create (0.2ms)[0m  [1m[32mINSERT INTO "users" ("name", "email", "password_digest", "role", "phone", "created_at", "updated_at") VALUES ('Tomás Vial', 'tomas@roomies.cl', 'seeded', 'member', '+56 9 3333 0000', '2026-10-04 22:16:15.400119', '2026-10-04 22:16:15.400119') RETURNING "id" /*application='Roomies'*/[0m
  [1m[36mTRANSACTION (0.2ms)[0m  [1m[35mCOMMIT /*application='Roomies'*/[0m
  [1m[36mTRANSACTION (0.1ms)[0m  [1m[35mBEGIN /*application='Roomies'*/[0m
  [1m[36mUser Exists? (0.6ms)[0m  [1m[34mSELECT 1 AS one FROM "users" WHERE LOWER("users"."email") = LOWER('francisca@roomies.cl') LIMIT 1 /*application='Roomies'*/[0m
  [1m[36mUser Create (0.1ms)[0m  [1m[32mINSERT INTO "users" ("name", "email", "password_digest", "role", "phone", "created_at", "updated_at") VALUES ('Francisca León', 'francisca@roomies.cl', 'seeded', 'member', '+56 9 3333 0000', '2026-10-04 22:16:15.402317', '2026-10-04 22:16:15.402317') RETURNING "id" /*application='Roomies'*/[0m
  [1m[36mTRANSACTION (0.2ms)[0m  [1m[35mCOMMIT /*application='Roomies'*/[0m
  [1m[36mTRANSACTION (0.1ms)[0m  [1m[35mBEGIN /*application='Roomies'*/[0m
  [1m[36mUser Exists? (1.3ms)[0m  [1m[34mSELECT 1 AS one FROM "users" WHERE LOWER("users"."email") = LOWER('ignacio@roomies.cl') LIMIT 1 /*application='Roomies'*/[0m
  [1m[36mUser Create (0.1ms)[0m  [1m[32mINSERT INTO "users" ("name", "email", "password_digest", "role", "phone", "created_at", "updated_at") VALUES ('Ignacio Pérez', 'ignacio@roomies.cl', 'seeded', 'member', '+56 9 3333 0000', '2026-10-04 22:16:15.404869', '2026-10-04 22:16:15.404869') RETURNING "id" /*application='Roomies'*/[0m
  [1m[36mTRANSACTION (0.2ms)[0m  [1m[35mCOMMIT /*application='Roomies'*/[0m
  [1m[36mTRANSACTION (0.1ms)[0m  [1m[35mBEGIN /*application='Roomies'*/[0m
  [1m[36mProperty Create (1.4ms)[0m  [1m[32mINSERT INTO "properties" ("host_id", "neighborhood_id", "address", "property_type", "bedrooms", "bathrooms", "shared_spaces", "created_at", "updated_at") VALUES (2, 1, 'Av. Providencia 1234, Depto 52', 'Apartment', 3, 2, 'Living room, kitchen and a small balcony.', '2026-10-04 22:16:15.412479', '2026-10-04 22:16:15.412479') RETURNING "id" /*application='Roomies'*/[0m
  [1m[36mTRANSACTION (0.1ms)[0m  [1m[35mCOMMIT /*application='Roomies'*/[0m
  [1m[36mTRANSACTION (0.1ms)[0m  [1m[35mBEGIN /*application='Roomies'*/[0m
  [1m[36mPropertyAmenity Exists? (0.6ms)[0m  [1m[34mSELECT 1 AS one FROM "property_amenities" WHERE "property_amenities"."property_id" = 1 AND "property_amenities"."amenity_id" = 1 LIMIT 1 /*application='Roomies'*/[0m
  [1m[36mPropertyAmenity Create (0.7ms)[0m  [1m[32mINSERT INTO "property_amenities" ("property_id", "amenity_id", "created_at", "updated_at") VALUES (1, 1, '2026-10-04 22:16:15.418685', '2026-10-04 22:16:15.418685') RETURNING "id" /*application='Roomies'*/[0m
  [1m[36mTRANSACTION (0.1ms)[0m  [1m[35mCOMMIT /*application='Roomies'*/[0m
  [1m[36mTRANSACTION (0.0ms)[0m  [1m[35mBEGIN /*application='Roomies'*/[0m
  [1m[36mPropertyAmenity Exists? (0.4ms)[0m  [1m[34mSELECT 1 AS one FROM "property_amenities" WHERE "property_amenities"."property_id" = 1 AND "property_amenities"."amenity_id" = 2 LIMIT 1 /*application='Roomies'*/[0m
  [1m[36mPropertyAmenity Create (0.1ms)[0m  [1m[32mINSERT INTO "property_amenities" ("property_id", "amenity_id", "created_at", "updated_at") VALUES (1, 2, '2026-10-04 22:16:15.420960', '2026-10-04 22:16:15.420960') RETURNING "id" /*application='Roomies'*/[0m
  [1m[36mTRANSACTION (0.2ms)[0m  [1m[35mCOMMIT /*application='Roomies'*/[0m
  [1m[36mTRANSACTION (0.0ms)[0m  [1m[35mBEGIN /*application='Roomies'*/[0m
  [1m[36mPropertyAmenity Exists? (0.5ms)[0m  [1m[34mSELECT 1 AS one FROM "property_amenities" WHERE "property_amenities"."property_id" = 1 AND "property_amenities"."amenity_id" = 3 LIMIT 1 /*application='Roomies'*/[0m
  [1m[36mPropertyAmenity Create (0.3ms)[0m  [1m[32mINSERT INTO "property_amenities" ("property_id", "amenity_id", "created_at", "updated_at") VALUES (1, 3, '2026-10-04 22:16:15.423015', '2026-10-04 22:16:15.423015') RETURNING "id" /*application='Roomies'*/[0m
  [1m[36mTRANSACTION (0.2ms)[0m  [1m[35mCOMMIT /*application='Roomies'*/[0m
  [1m[36mTRANSACTION (0.1ms)[0m  [1m[35mBEGIN /*application='Roomies'*/[0m
  [1m[36mPropertyAmenity Exists? (0.6ms)[0m  [1m[34mSELECT 1 AS one FROM "property_amenities" WHERE "property_amenities"."property_id" = 1 AND "property_amenities"."amenity_id" = 5 LIMIT 1 /*application='Roomies'*/[0m
  [1m[36mPropertyAmenity Create (0.1ms)[0m  [1m[32mINSERT INTO "property_amenities" ("property_id", "amenity_id", "created_at", "updated_at") VALUES (1, 5, '2026-10-04 22:16:15.424960', '2026-10-04 22:16:15.424960') RETURNING "id" /*application='Roomies'*/[0m
  [1m[36mTRANSACTION (0.2ms)[0m  [1m[35mCOMMIT /*application='Roomies'*/[0m
  [1m[36mTRANSACTION (0.1ms)[0m  [1m[35mBEGIN /*application='Roomies'*/[0m
  [1m[36mProperty Create (0.7ms)[0m  [1m[32mINSERT INTO "properties" ("host_id", "neighborhood_id", "address", "property_type", "bedrooms", "bathrooms", "shared_spaces", "created_at", "updated_at") VALUES (2, 2, 'Calle Dublé Almeyda 3450', 'House', 4, 2, 'Garden, living room and dining room.', '2026-10-04 22:16:15.425919', '2026-10-04 22:16:15.425919') RETURNING "id" /*application='Roomies'*/[0m
  [1m[36mTRANSACTION (0.2ms)[0m  [1m[35mCOMMIT /*application='Roomies'*/[0m
  [1m[36mTRANSACTION (0.1ms)[0m  [1m[35mBEGIN /*application='Roomies'*/[0m
  [1m[36mPropertyAmenity Exists? (0.5ms)[0m  [1m[34mSELECT 1 AS one FROM "property_amenities" WHERE "property_amenities"."property_id" = 2 AND "property_amenities"."amenity_id" = 1 LIMIT 1 /*application='Roomies'*/[0m
  [1m[36mPropertyAmenity Create (0.2ms)[0m  [1m[32mINSERT INTO "property_amenities" ("property_id", "amenity_id", "created_at", "updated_at") VALUES (2, 1, '2026-10-04 22:16:15.428501', '2026-10-04 22:16:15.428501') RETURNING "id" /*application='Roomies'*/[0m
  [1m[36mTRANSACTION (0.1ms)[0m  [1m[35mCOMMIT /*application='Roomies'*/[0m
  [1m[36mTRANSACTION (0.0ms)[0m  [1m[35mBEGIN /*application='Roomies'*/[0m
  [1m[36mPropertyAmenity Exists? (1.2ms)[0m  [1m[34mSELECT 1 AS one FROM "property_amenities" WHERE "property_amenities"."property_id" = 2 AND "property_amenities"."amenity_id" = 4 LIMIT 1 /*application='Roomies'*/[0m
  [1m[36mPropertyAmenity Create (0.3ms)[0m  [1m[32mINSERT INTO "property_amenities" ("property_id", "amenity_id", "created_at", "updated_at") VALUES (2, 4, '2026-10-04 22:16:15.431183', '2026-10-04 22:16:15.431183') RETURNING "id" /*application='Roomies'*/[0m
  [1m[36mTRANSACTION (0.2ms)[0m  [1m[35mCOMMIT /*application='Roomies'*/[0m
  [1m[36mTRANSACTION (0.1ms)[0m  [1m[35mBEGIN /*application='Roomies'*/[0m
  [1m[36mPropertyAmenity Exists? (0.6ms)[0m  [1m[34mSELECT 1 AS one FROM "property_amenities" WHERE "property_amenities"."property_id" = 2 AND "property_amenities"."amenity_id" = 6 LIMIT 1 /*application='Roomies'*/[0m
  [1m[36mPropertyAmenity Create (0.1ms)[0m  [1m[32mINSERT INTO "property_amenities" ("property_id", "amenity_id", "created_at", "updated_at") VALUES (2, 6, '2026-10-04 22:16:15.433405', '2026-10-04 22:16:15.433405') RETURNING "id" /*application='Roomies'*/[0m
  [1m[36mTRANSACTION (0.2ms)[0m  [1m[35mCOMMIT /*application='Roomies'*/[0m
  [1m[36mTRANSACTION (0.1ms)[0m  [1m[35mBEGIN /*application='Roomies'*/[0m
  [1m[36mProperty Create (0.6ms)[0m  [1m[32mINSERT INTO "properties" ("host_id", "neighborhood_id", "address", "property_type", "bedrooms", "bathrooms", "shared_spaces", "created_at", "updated_at") VALUES (3, 3, 'Av. Apoquindo 5600, Torre B', 'Apartment', 2, 2, 'Shared kitchen and rooftop terrace.', '2026-10-04 22:16:15.434246', '2026-10-04 22:16:15.434246') RETURNING "id" /*application='Roomies'*/[0m
  [1m[36mTRANSACTION (0.2ms)[0m  [1m[35mCOMMIT /*application='Roomies'*/[0m
  [1m[36mTRANSACTION (0.1ms)[0m  [1m[35mBEGIN /*application='Roomies'*/[0m
  [1m[36mPropertyAmenity Exists? (0.5ms)[0m  [1m[34mSELECT 1 AS one FROM "property_amenities" WHERE "property_amenities"."property_id" = 3 AND "property_amenities"."amenity_id" = 1 LIMIT 1 /*application='Roomies'*/[0m
  [1m[36mPropertyAmenity Create (0.2ms)[0m  [1m[32mINSERT INTO "property_amenities" ("property_id", "amenity_id", "created_at", "updated_at") VALUES (3, 1, '2026-10-04 22:16:15.436456', '2026-10-04 22:16:15.436456') RETURNING "id" /*application='Roomies'*/[0m
  [1m[36mTRANSACTION (0.2ms)[0m  [1m[35mCOMMIT /*application='Roomies'*/[0m
  [1m[36mTRANSACTION (0.0ms)[0m  [1m[35mBEGIN /*application='Roomies'*/[0m
  [1m[36mPropertyAmenity Exists? (0.4ms)[0m  [1m[34mSELECT 1 AS one FROM "property_amenities" WHERE "property_amenities"."property_id" = 3 AND "property_amenities"."amenity_id" = 7 LIMIT 1 /*application='Roomies'*/[0m
  [1m[36mPropertyAmenity Create (0.1ms)[0m  [1m[32mINSERT INTO "property_amenities" ("property_id", "amenity_id", "created_at", "updated_at") VALUES (3, 7, '2026-10-04 22:16:15.438133', '2026-10-04 22:16:15.438133') RETURNING "id" /*application='Roomies'*/[0m
  [1m[36mTRANSACTION (0.2ms)[0m  [1m[35mCOMMIT /*application='Roomies'*/[0m
  [1m[36mTRANSACTION (0.1ms)[0m  [1m[35mBEGIN /*application='Roomies'*/[0m
  [1m[36mPropertyAmenity Exists? (0.5ms)[0m  [1m[34mSELECT 1 AS one FROM "property_amenities" WHERE "property_amenities"."property_id" = 3 AND "property_amenities"."amenity_id" = 8 LIMIT 1 /*application='Roomies'*/[0m
  [1m[36mPropertyAmenity Create (0.2ms)[0m  [1m[32mINSERT INTO "property_amenities" ("property_id", "amenity_id", "created_at", "updated_at") VALUES (3, 8, '2026-10-04 22:16:15.439884', '2026-10-04 22:16:15.439884') RETURNING "id" /*application='Roomies'*/[0m
  [1m[36mTRANSACTION (0.1ms)[0m  [1m[35mCOMMIT /*application='Roomies'*/[0m
  [1m[36mTRANSACTION (0.0ms)[0m  [1m[35mBEGIN /*application='Roomies'*/[0m
  [1m[36mPropertyAmenity Exists? (0.5ms)[0m  [1m[34mSELECT 1 AS one FROM "property_amenities" WHERE "property_amenities"."property_id" = 3 AND "property_amenities"."amenity_id" = 3 LIMIT 1 /*application='Roomies'*/[0m
  [1m[36mPropertyAmenity Create (0.1ms)[0m  [1m[32mINSERT INTO "property_amenities" ("property_id", "amenity_id", "created_at", "updated_at") VALUES (3, 3, '2026-10-04 22:16:15.441569', '2026-10-04 22:16:15.441569') RETURNING "id" /*application='Roomies'*/[0m
  [1m[36mTRANSACTION (0.1ms)[0m  [1m[35mCOMMIT /*application='Roomies'*/[0m
  [1m[36mTRANSACTION (0.0ms)[0m  [1m[35mBEGIN /*application='Roomies'*/[0m
  [1m[36mProperty Create (0.6ms)[0m  [1m[32mINSERT INTO "properties" ("host_id", "neighborhood_id", "address", "property_type", "bedrooms", "bathrooms", "shared_spaces", "created_at", "updated_at") VALUES (3, 4, 'Calle Santa Rosa 120', 'Apartment', 3, 1, 'Kitchen and laundry area.', '2026-10-04 22:16:15.442364', '2026-10-04 22:16:15.442364') RETURNING "id" /*application='Roomies'*/[0m
  [1m[36mTRANSACTION (0.1ms)[0m  [1m[35mCOMMIT /*application='Roomies'*/[0m
  [1m[36mTRANSACTION (0.0ms)[0m  [1m[35mBEGIN /*application='Roomies'*/[0m
  [1m[36mPropertyAmenity Exists? (0.5ms)[0m  [1m[34mSELECT 1 AS one FROM "property_amenities" WHERE "property_amenities"."property_id" = 4 AND "property_amenities"."amenity_id" = 1 LIMIT 1 /*application='Roomies'*/[0m
  [1m[36mPropertyAmenity Create (0.1ms)[0m  [1m[32mINSERT INTO "property_amenities" ("property_id", "amenity_id", "created_at", "updated_at") VALUES (4, 1, '2026-10-04 22:16:15.444505', '2026-10-04 22:16:15.444505') RETURNING "id" /*application='Roomies'*/[0m
  [1m[36mTRANSACTION (0.1ms)[0m  [1m[35mCOMMIT /*application='Roomies'*/[0m
  [1m[36mTRANSACTION (0.1ms)[0m  [1m[35mBEGIN /*application='Roomies'*/[0m
  [1m[36mPropertyAmenity Exists? (0.5ms)[0m  [1m[34mSELECT 1 AS one FROM "property_amenities" WHERE "property_amenities"."property_id" = 4 AND "property_amenities"."amenity_id" = 2 LIMIT 1 /*application='Roomies'*/[0m
  [1m[36mPropertyAmenity Create (0.1ms)[0m  [1m[32mINSERT INTO "property_amenities" ("property_id", "amenity_id", "created_at", "updated_at") VALUES (4, 2, '2026-10-04 22:16:15.446062', '2026-10-04 22:16:15.446062') RETURNING "id" /*application='Roomies'*/[0m
  [1m[36mTRANSACTION (0.2ms)[0m  [1m[35mCOMMIT /*application='Roomies'*/[0m
  [1m[36mTRANSACTION (0.1ms)[0m  [1m[35mBEGIN /*application='Roomies'*/[0m
  [1m[36mProperty Create (0.6ms)[0m  [1m[32mINSERT INTO "properties" ("host_id", "neighborhood_id", "address", "property_type", "bedrooms", "bathrooms", "shared_spaces", "created_at", "updated_at") VALUES (4, 5, 'Av. Macul 4820', 'House', 5, 3, 'Large living room, backyard and parking.', '2026-10-04 22:16:15.446997', '2026-10-04 22:16:15.446997') RETURNING "id" /*application='Roomies'*/[0m
  [1m[36mTRANSACTION (0.2ms)[0m  [1m[35mCOMMIT /*application='Roomies'*/[0m
  [1m[36mTRANSACTION (0.1ms)[0m  [1m[35mBEGIN /*application='Roomies'*/[0m
  [1m[36mPropertyAmenity Exists? (0.5ms)[0m  [1m[34mSELECT 1 AS one FROM "property_amenities" WHERE "property_amenities"."property_id" = 5 AND "property_amenities"."amenity_id" = 1 LIMIT 1 /*application='Roomies'*/[0m
  [1m[36mPropertyAmenity Create (0.2ms)[0m  [1m[32mINSERT INTO "property_amenities" ("property_id", "amenity_id", "created_at", "updated_at") VALUES (5, 1, '2026-10-04 22:16:15.449189', '2026-10-04 22:16:15.449189') RETURNING "id" /*application='Roomies'*/[0m
  [1m[36mTRANSACTION (0.1ms)[0m  [1m[35mCOMMIT /*application='Roomies'*/[0m
  [1m[36mTRANSACTION (0.0ms)[0m  [1m[35mBEGIN /*application='Roomies'*/[0m
  [1m[36mPropertyAmenity Exists? (0.5ms)[0m  [1m[34mSELECT 1 AS one FROM "property_amenities" WHERE "property_amenities"."property_id" = 5 AND "property_amenities"."amenity_id" = 4 LIMIT 1 /*application='Roomies'*/[0m
  [1m[36mPropertyAmenity Create (0.2ms)[0m  [1m[32mINSERT INTO "property_amenities" ("property_id", "amenity_id", "created_at", "updated_at") VALUES (5, 4, '2026-10-04 22:16:15.450809', '2026-10-04 22:16:15.450809') RETURNING "id" /*application='Roomies'*/[0m
  [1m[36mTRANSACTION (0.2ms)[0m  [1m[35mCOMMIT /*application='Roomies'*/[0m
  [1m[36mTRANSACTION (0.1ms)[0m  [1m[35mBEGIN /*application='Roomies'*/[0m
  [1m[36mPropertyAmenity Exists? (0.5ms)[0m  [1m[34mSELECT 1 AS one FROM "property_amenities" WHERE "property_amenities"."property_id" = 5 AND "property_amenities"."amenity_id" = 5 LIMIT 1 /*application='Roomies'*/[0m
  [1m[36mPropertyAmenity Create (0.2ms)[0m  [1m[32mINSERT INTO "property_amenities" ("property_id", "amenity_id", "created_at", "updated_at") VALUES (5, 5, '2026-10-04 22:16:15.452498', '2026-10-04 22:16:15.452498') RETURNING "id" /*application='Roomies'*/[0m
  [1m[36mTRANSACTION (0.1ms)[0m  [1m[35mCOMMIT /*application='Roomies'*/[0m
  [1m[36mTRANSACTION (0.1ms)[0m  [1m[35mBEGIN /*application='Roomies'*/[0m
  [1m[36mPropertyAmenity Exists? (0.4ms)[0m  [1m[34mSELECT 1 AS one FROM "property_amenities" WHERE "property_amenities"."property_id" = 5 AND "property_amenities"."amenity_id" = 6 LIMIT 1 /*application='Roomies'*/[0m
  [1m[36mPropertyAmenity Create (0.1ms)[0m  [1m[32mINSERT INTO "property_amenities" ("property_id", "amenity_id", "created_at", "updated_at") VALUES (5, 6, '2026-10-04 22:16:15.454148', '2026-10-04 22:16:15.454148') RETURNING "id" /*application='Roomies'*/[0m
  [1m[36mTRANSACTION (0.1ms)[0m  [1m[35mCOMMIT /*application='Roomies'*/[0m
  [1m[36mTRANSACTION (0.0ms)[0m  [1m[35mBEGIN /*application='Roomies'*/[0m
  [1m[36mProperty Create (0.5ms)[0m  [1m[32mINSERT INTO "properties" ("host_id", "neighborhood_id", "address", "property_type", "bedrooms", "bathrooms", "shared_spaces", "created_at", "updated_at") VALUES (5, 6, 'Av. Larraín 9100', 'House', 3, 2, 'Kitchen, terrace and garden.', '2026-10-04 22:16:15.454929', '2026-10-04 22:16:15.454929') RETURNING "id" /*application='Roomies'*/[0m
  [1m[36mTRANSACTION (0.1ms)[0m  [1m[35mCOMMIT /*application='Roomies'*/[0m
  [1m[36mTRANSACTION (0.0ms)[0m  [1m[35mBEGIN /*application='Roomies'*/[0m
  [1m[36mPropertyAmenity Exists? (0.5ms)[0m  [1m[34mSELECT 1 AS one FROM "property_amenities" WHERE "property_amenities"."property_id" = 6 AND "property_amenities"."amenity_id" = 1 LIMIT 1 /*application='Roomies'*/[0m
  [1m[36mPropertyAmenity Create (0.1ms)[0m  [1m[32mINSERT INTO "property_amenities" ("property_id", "amenity_id", "created_at", "updated_at") VALUES (6, 1, '2026-10-04 22:16:15.457009', '2026-10-04 22:16:15.457009') RETURNING "id" /*application='Roomies'*/[0m
  [1m[36mTRANSACTION (0.1ms)[0m  [1m[35mCOMMIT /*application='Roomies'*/[0m
  [1m[36mTRANSACTION (0.0ms)[0m  [1m[35mBEGIN /*application='Roomies'*/[0m
  [1m[36mPropertyAmenity Exists? (0.4ms)[0m  [1m[34mSELECT 1 AS one FROM "property_amenities" WHERE "property_amenities"."property_id" = 6 AND "property_amenities"."amenity_id" = 3 LIMIT 1 /*application='Roomies'*/[0m
  [1m[36mPropertyAmenity Create (0.1ms)[0m  [1m[32mINSERT INTO "property_amenities" ("property_id", "amenity_id", "created_at", "updated_at") VALUES (6, 3, '2026-10-04 22:16:15.458596', '2026-10-04 22:16:15.458596') RETURNING "id" /*application='Roomies'*/[0m
  [1m[36mTRANSACTION (0.1ms)[0m  [1m[35mCOMMIT /*application='Roomies'*/[0m
  [1m[36mTRANSACTION (0.0ms)[0m  [1m[35mBEGIN /*application='Roomies'*/[0m
  [1m[36mPropertyAmenity Exists? (0.5ms)[0m  [1m[34mSELECT 1 AS one FROM "property_amenities" WHERE "property_amenities"."property_id" = 6 AND "property_amenities"."amenity_id" = 8 LIMIT 1 /*application='Roomies'*/[0m
  [1m[36mPropertyAmenity Create (0.1ms)[0m  [1m[32mINSERT INTO "property_amenities" ("property_id", "amenity_id", "created_at", "updated_at") VALUES (6, 8, '2026-10-04 22:16:15.460185', '2026-10-04 22:16:15.460185') RETURNING "id" /*application='Roomies'*/[0m
  [1m[36mTRANSACTION (0.3ms)[0m  [1m[35mCOMMIT /*application='Roomies'*/[0m
  [1m[36mTRANSACTION (0.0ms)[0m  [1m[35mBEGIN /*application='Roomies'*/[0m
  [1m[36mListing Create (0.8ms)[0m  [1m[32mINSERT INTO "listings" ("property_id", "monthly_rent", "deposit", "available_on", "minimum_stay_months", "furnished", "private_bathroom", "description", "status", "created_at", "updated_at") VALUES (1, 320000.0, 320000.0, '2026-10-11', 6, TRUE, TRUE, 'A comfortable room in Providencia. Close to public transport, shops and green areas.', 'Published', '2026-10-04 22:16:15.464330', '2026-10-04 22:16:15.464330') RETURNING "id" /*application='Roomies'*/[0m
  [1m[36mTRANSACTION (0.1ms)[0m  [1m[35mCOMMIT /*application='Roomies'*/[0m
  [1m[36mTRANSACTION (0.1ms)[0m  [1m[35mBEGIN /*application='Roomies'*/[0m
  [1m[36mPhoto Create (0.8ms)[0m  [1m[32mINSERT INTO "photos" ("listing_id", "image_url", "position", "created_at", "updated_at") VALUES (1, '/images/bright-furnished-room.jpg', 1, '2026-10-04 22:16:15.473910', '2026-10-04 22:16:15.473910') RETURNING "id" /*application='Roomies'*/[0m
  [1m[36mTRANSACTION (0.2ms)[0m  [1m[35mCOMMIT /*application='Roomies'*/[0m
  [1m[36mTRANSACTION (0.1ms)[0m  [1m[35mBEGIN /*application='Roomies'*/[0m
  [1m[36mListing Create (0.5ms)[0m  [1m[32mINSERT INTO "listings" ("property_id", "monthly_rent", "deposit", "available_on", "minimum_stay_months", "furnished", "private_bathroom", "description", "status", "created_at", "updated_at") VALUES (1, 280000.0, 280000.0, '2026-10-18', 3, FALSE, FALSE, 'A comfortable room in Providencia. Close to public transport, shops and green areas.', 'Published', '2026-10-04 22:16:15.475942', '2026-10-04 22:16:15.475942') RETURNING "id" /*application='Roomies'*/[0m
  [1m[36mTRANSACTION (0.1ms)[0m  [1m[35mCOMMIT /*application='Roomies'*/[0m
  [1m[36mTRANSACTION (0.0ms)[0m  [1m[35mBEGIN /*application='Roomies'*/[0m
  [1m[36mPhoto Create (0.5ms)[0m  [1m[32mINSERT INTO "photos" ("listing_id", "image_url", "position", "created_at", "updated_at") VALUES (2, '/images/bright-furnished-room.jpg', 1, '2026-10-04 22:16:15.477227', '2026-10-04 22:16:15.477227') RETURNING "id" /*application='Roomies'*/[0m
  [1m[36mTRANSACTION (0.1ms)[0m  [1m[35mCOMMIT /*application='Roomies'*/[0m
  [1m[36mTRANSACTION (0.0ms)[0m  [1m[35mBEGIN /*application='Roomies'*/[0m
  [1m[36mListing Create (0.5ms)[0m  [1m[32mINSERT INTO "listings" ("property_id", "monthly_rent", "deposit", "available_on", "minimum_stay_months", "furnished", "private_bathroom", "description", "status", "created_at", "updated_at") VALUES (2, 300000.0, 300000.0, '2026-10-25', 12, TRUE, FALSE, 'A comfortable room in Ñuñoa. Close to public transport, shops and green areas.', 'Published', '2026-10-04 22:16:15.479008', '2026-10-04 22:16:15.479008') RETURNING "id" /*application='Roomies'*/[0m
  [1m[36mTRANSACTION (0.2ms)[0m  [1m[35mCOMMIT /*application='Roomies'*/[0m
  [1m[36mTRANSACTION (0.1ms)[0m  [1m[35mBEGIN /*application='Roomies'*/[0m
  [1m[36mPhoto Create (0.5ms)[0m  [1m[32mINSERT INTO "photos" ("listing_id", "image_url", "position", "created_at", "updated_at") VALUES (3, '/images/bright-furnished-room.jpg', 1, '2026-10-04 22:16:15.480252', '2026-10-04 22:16:15.480252') RETURNING "id" /*application='Roomies'*/[0m
  [1m[36mTRANSACTION (0.1ms)[0m  [1m[35mCOMMIT /*application='Roomies'*/[0m
  [1m[36mTRANSACTION (0.1ms)[0m  [1m[35mBEGIN /*application='Roomies'*/[0m
  [1m[36mListing Create (0.7ms)[0m  [1m[32mINSERT INTO "listings" ("property_id", "monthly_rent", "deposit", "available_on", "minimum_stay_months", "furnished", "private_bathroom", "description", "status", "created_at", "updated_at") VALUES (3, 410000.0, 410000.0, '2026-11-01', 12, TRUE, TRUE, 'A comfortable room in Las Condes. Close to public transport, shops and green areas.', 'Published', '2026-10-04 22:16:15.481531', '2026-10-04 22:16:15.481531') RETURNING "id" /*application='Roomies'*/[0m
  [1m[36mTRANSACTION (0.1ms)[0m  [1m[35mCOMMIT /*application='Roomies'*/[0m
  [1m[36mTRANSACTION (0.0ms)[0m  [1m[35mBEGIN /*application='Roomies'*/[0m
  [1m[36mPhoto Create (0.4ms)[0m  [1m[32mINSERT INTO "photos" ("listing_id", "image_url", "position", "created_at", "updated_at") VALUES (4, '/images/bright-furnished-room.jpg', 1, '2026-10-04 22:16:15.483031', '2026-10-04 22:16:15.483031') RETURNING "id" /*application='Roomies'*/[0m
  [1m[36mTRANSACTION (0.1ms)[0m  [1m[35mCOMMIT /*application='Roomies'*/[0m
  [1m[36mTRANSACTION (0.0ms)[0m  [1m[35mBEGIN /*application='Roomies'*/[0m
  [1m[36mPhoto Create (0.4ms)[0m  [1m[32mINSERT INTO "photos" ("listing_id", "image_url", "position", "created_at", "updated_at") VALUES (4, '/images/cozy-interior-room.jpg', 2, '2026-10-04 22:16:15.484128', '2026-10-04 22:16:15.484128') RETURNING "id" /*application='Roomies'*/[0m
  [1m[36mTRANSACTION (0.1ms)[0m  [1m[35mCOMMIT /*application='Roomies'*/[0m
  [1m[36mTRANSACTION (0.1ms)[0m  [1m[35mBEGIN /*application='Roomies'*/[0m
  [1m[36mListing Create (0.5ms)[0m  [1m[32mINSERT INTO "listings" ("property_id", "monthly_rent", "deposit", "available_on", "minimum_stay_months", "furnished", "private_bathroom", "description", "status", "created_at", "updated_at") VALUES (3, 390000.0, 390000.0, '2026-11-08', 12, TRUE, TRUE, 'A comfortable room in Las Condes. Close to public transport, shops and green areas.', 'Reserved', '2026-10-04 22:16:15.485490', '2026-10-04 22:16:15.485490') RETURNING "id" /*application='Roomies'*/[0m
  [1m[36mTRANSACTION (0.1ms)[0m  [1m[35mCOMMIT /*application='Roomies'*/[0m
  [1m[36mTRANSACTION (0.1ms)[0m  [1m[35mBEGIN /*application='Roomies'*/[0m
  [1m[36mPhoto Create (0.4ms)[0m  [1m[32mINSERT INTO "photos" ("listing_id", "image_url", "position", "created_at", "updated_at") VALUES (5, '/images/bright-furnished-room.jpg', 1, '2026-10-04 22:16:15.486760', '2026-10-04 22:16:15.486760') RETURNING "id" /*application='Roomies'*/[0m
  [1m[36mTRANSACTION (0.1ms)[0m  [1m[35mCOMMIT /*application='Roomies'*/[0m
  [1m[36mTRANSACTION (0.0ms)[0m  [1m[35mBEGIN /*application='Roomies'*/[0m
  [1m[36mPhoto Create (0.4ms)[0m  [1m[32mINSERT INTO "photos" ("listing_id", "image_url", "position", "created_at", "updated_at") VALUES (5, '/images/cozy-interior-room.jpg', 2, '2026-10-04 22:16:15.487852', '2026-10-04 22:16:15.487852') RETURNING "id" /*application='Roomies'*/[0m
  [1m[36mTRANSACTION (0.1ms)[0m  [1m[35mCOMMIT /*application='Roomies'*/[0m
  [1m[36mTRANSACTION (0.1ms)[0m  [1m[35mBEGIN /*application='Roomies'*/[0m
  [1m[36mPhoto Create (0.6ms)[0m  [1m[32mINSERT INTO "photos" ("listing_id", "image_url", "position", "created_at", "updated_at") VALUES (5, '/images/spacious-main-room.jpg', 3, '2026-10-04 22:16:15.489173', '2026-10-04 22:16:15.489173') RETURNING "id" /*application='Roomies'*/[0m
  [1m[36mTRANSACTION (0.1ms)[0m  [1m[35mCOMMIT /*application='Roomies'*/[0m
  [1m[36mTRANSACTION (0.1ms)[0m  [1m[35mBEGIN /*application='Roomies'*/[0m
  [1m[36mListing Create (0.7ms)[0m  [1m[32mINSERT INTO "listings" ("property_id", "monthly_rent", "deposit", "available_on", "minimum_stay_months", "furnished", "private_bathroom", "description", "status", "created_at", "updated_at") VALUES (4, 250000.0, 250000.0, '2026-11-15', 3, FALSE, FALSE, 'A comfortable room in Santiago Centro. Close to public transport, shops and green areas.', 'Published', '2026-10-04 22:16:15.490740', '2026-10-04 22:16:15.490740') RETURNING "id" /*application='Roomies'*/[0m
  [1m[36mTRANSACTION (0.1ms)[0m  [1m[35mCOMMIT /*application='Roomies'*/[0m
  [1m[36mTRANSACTION (0.1ms)[0m  [1m[35mBEGIN /*application='Roomies'*/[0m
  [1m[36mPhoto Create (0.6ms)[0m  [1m[32mINSERT INTO "photos" ("listing_id", "image_url", "position", "created_at", "updated_at") VALUES (6, '/images/bright-furnished-room.jpg', 1, '2026-10-04 22:16:15.492391', '2026-10-04 22:16:15.492391') RETURNING "id" /*application='Roomies'*/[0m
  [1m[36mTRANSACTION (0.1ms)[0m  [1m[35mCOMMIT /*application='Roomies'*/[0m
  [1m[36mTRANSACTION (0.1ms)[0m  [1m[35mBEGIN /*application='Roomies'*/[0m
  [1m[36mListing Create (0.5ms)[0m  [1m[32mINSERT INTO "listings" ("property_id", "monthly_rent", "deposit", "available_on", "minimum_stay_months", "furnished", "private_bathroom", "description", "status", "created_at", "updated_at") VALUES (5, 350000.0, 350000.0, '2026-11-22', 6, TRUE, TRUE, 'A comfortable room in Macul. Close to public transport, shops and green areas.', 'Published', '2026-10-04 22:16:15.493837', '2026-10-04 22:16:15.493837') RETURNING "id" /*application='Roomies'*/[0m
  [1m[36mTRANSACTION (0.1ms)[0m  [1m[35mCOMMIT /*application='Roomies'*/[0m
  [1m[36mTRANSACTION (0.1ms)[0m  [1m[35mBEGIN /*application='Roomies'*/[0m
  [1m[36mPhoto Create (0.4ms)[0m  [1m[32mINSERT INTO "photos" ("listing_id", "image_url", "position", "created_at", "updated_at") VALUES (7, '/images/bright-furnished-room.jpg', 1, '2026-10-04 22:16:15.495077', '2026-10-04 22:16:15.495077') RETURNING "id" /*application='Roomies'*/[0m
  [1m[36mTRANSACTION (0.1ms)[0m  [1m[35mCOMMIT /*application='Roomies'*/[0m
  [1m[36mTRANSACTION (0.0ms)[0m  [1m[35mBEGIN /*application='Roomies'*/[0m
  [1m[36mListing Create (0.4ms)[0m  [1m[32mINSERT INTO "listings" ("property_id", "monthly_rent", "deposit", "available_on", "minimum_stay_months", "furnished", "private_bathroom", "description", "status", "created_at", "updated_at") VALUES (5, 330000.0, 330000.0, '2026-11-29', 6, TRUE, FALSE, 'A comfortable room in Macul. Close to public transport, shops and green areas.', 'Rented', '2026-10-04 22:16:15.496326', '2026-10-04 22:16:15.496326') RETURNING "id" /*application='Roomies'*/[0m
  [1m[36mTRANSACTION (0.1ms)[0m  [1m[35mCOMMIT /*application='Roomies'*/[0m
  [1m[36mTRANSACTION (0.1ms)[0m  [1m[35mBEGIN /*application='Roomies'*/[0m
  [1m[36mPhoto Create (0.5ms)[0m  [1m[32mINSERT INTO "photos" ("listing_id", "image_url", "position", "created_at", "updated_at") VALUES (8, '/images/bright-furnished-room.jpg', 1, '2026-10-04 22:16:15.497550', '2026-10-04 22:16:15.497550') RETURNING "id" /*application='Roomies'*/[0m
  [1m[36mTRANSACTION (0.1ms)[0m  [1m[35mCOMMIT /*application='Roomies'*/[0m
  [1m[36mTRANSACTION (0.1ms)[0m  [1m[35mBEGIN /*application='Roomies'*/[0m
  [1m[36mListing Create (0.5ms)[0m  [1m[32mINSERT INTO "listings" ("property_id", "monthly_rent", "deposit", "available_on", "minimum_stay_months", "furnished", "private_bathroom", "description", "status", "created_at", "updated_at") VALUES (6, 360000.0, 360000.0, '2026-12-06', 6, TRUE, TRUE, 'A comfortable room in La Reina. Close to public transport, shops and green areas.', 'Published', '2026-10-04 22:16:15.498793', '2026-10-04 22:16:15.498793') RETURNING "id" /*application='Roomies'*/[0m
  [1m[36mTRANSACTION (0.1ms)[0m  [1m[35mCOMMIT /*application='Roomies'*/[0m
  [1m[36mTRANSACTION (0.0ms)[0m  [1m[35mBEGIN /*application='Roomies'*/[0m
  [1m[36mPhoto Create (0.4ms)[0m  [1m[32mINSERT INTO "photos" ("listing_id", "image_url", "position", "created_at", "updated_at") VALUES (9, '/images/bright-furnished-room.jpg', 1, '2026-10-04 22:16:15.500021', '2026-10-04 22:16:15.500021') RETURNING "id" /*application='Roomies'*/[0m
  [1m[36mTRANSACTION (0.1ms)[0m  [1m[35mCOMMIT /*application='Roomies'*/[0m
  [1m[36mTRANSACTION (0.0ms)[0m  [1m[35mBEGIN /*application='Roomies'*/[0m
  [1m[36mPhoto Create (0.4ms)[0m  [1m[32mINSERT INTO "photos" ("listing_id", "image_url", "position", "created_at", "updated_at") VALUES (9, '/images/cozy-interior-room.jpg', 2, '2026-10-04 22:16:15.501077', '2026-10-04 22:16:15.501077') RETURNING "id" /*application='Roomies'*/[0m
  [1m[36mTRANSACTION (0.1ms)[0m  [1m[35mCOMMIT /*application='Roomies'*/[0m
  [1m[36mTRANSACTION (0.0ms)[0m  [1m[35mBEGIN /*application='Roomies'*/[0m
  [1m[36mListing Create (0.4ms)[0m  [1m[32mINSERT INTO "listings" ("property_id", "monthly_rent", "deposit", "available_on", "minimum_stay_months", "furnished", "private_bathroom", "description", "status", "created_at", "updated_at") VALUES (6, 300000.0, 300000.0, '2026-12-13', 12, FALSE, FALSE, 'A comfortable room in La Reina. Close to public transport, shops and green areas.', 'Draft', '2026-10-04 22:16:15.502252', '2026-10-04 22:16:15.502252') RETURNING "id" /*application='Roomies'*/[0m
  [1m[36mTRANSACTION (0.2ms)[0m  [1m[35mCOMMIT /*application='Roomies'*/[0m
  [1m[36mTRANSACTION (0.0ms)[0m  [1m[35mBEGIN /*application='Roomies'*/[0m
  [1m[36mPhoto Create (0.4ms)[0m  [1m[32mINSERT INTO "photos" ("listing_id", "image_url", "position", "created_at", "updated_at") VALUES (10, '/images/bright-furnished-room.jpg', 1, '2026-10-04 22:16:15.503472', '2026-10-04 22:16:15.503472') RETURNING "id" /*application='Roomies'*/[0m
  [1m[36mTRANSACTION (0.1ms)[0m  [1m[35mCOMMIT /*application='Roomies'*/[0m
  [1m[36mTRANSACTION (0.0ms)[0m  [1m[35mBEGIN /*application='Roomies'*/[0m
  [1m[36mListing Create (0.5ms)[0m  [1m[32mINSERT INTO "listings" ("property_id", "monthly_rent", "deposit", "available_on", "minimum_stay_months", "furnished", "private_bathroom", "description", "status", "created_at", "updated_at") VALUES (2, 290000.0, 290000.0, '2026-12-20', 3, FALSE, FALSE, 'A comfortable room in Ñuñoa. Close to public transport, shops and green areas.', 'Withdrawn', '2026-10-04 22:16:15.504593', '2026-10-04 22:16:15.504593') RETURNING "id" /*application='Roomies'*/[0m
  [1m[36mTRANSACTION (0.1ms)[0m  [1m[35mCOMMIT /*application='Roomies'*/[0m
  [1m[36mTRANSACTION (0.0ms)[0m  [1m[35mBEGIN /*application='Roomies'*/[0m
  [1m[36mPhoto Create (0.5ms)[0m  [1m[32mINSERT INTO "photos" ("listing_id", "image_url", "position", "created_at", "updated_at") VALUES (11, '/images/bright-furnished-room.jpg', 1, '2026-10-04 22:16:15.505827', '2026-10-04 22:16:15.505827') RETURNING "id" /*application='Roomies'*/[0m
  [1m[36mTRANSACTION (0.1ms)[0m  [1m[35mCOMMIT /*application='Roomies'*/[0m
  [1m[36mTRANSACTION (0.1ms)[0m  [1m[35mBEGIN /*application='Roomies'*/[0m
  [1m[36mPhoto Create (0.5ms)[0m  [1m[32mINSERT INTO "photos" ("listing_id", "image_url", "position", "created_at", "updated_at") VALUES (11, '/images/cozy-interior-room.jpg', 2, '2026-10-04 22:16:15.506993', '2026-10-04 22:16:15.506993') RETURNING "id" /*application='Roomies'*/[0m
  [1m[36mTRANSACTION (0.1ms)[0m  [1m[35mCOMMIT /*application='Roomies'*/[0m
  [1m[36mTRANSACTION (0.0ms)[0m  [1m[35mBEGIN /*application='Roomies'*/[0m
  [1m[36mApplication Exists? (0.4ms)[0m  [1m[34mSELECT 1 AS one FROM "applications" WHERE "applications"."seeker_id" = 6 AND "applications"."listing_id" = 1 LIMIT 1 /*application='Roomies'*/[0m
  [1m[36mApplication Create (0.8ms)[0m  [1m[32mINSERT INTO "applications" ("listing_id", "seeker_id", "message", "move_in_on", "stay_months", "status", "created_at", "updated_at") VALUES (1, 6, 'Hi! I loved the room and the neighborhood. I''m tidy and work from home.', '2026-10-24', 12, 'Accepted', '2026-09-19 22:16:15.508180', '2026-10-04 22:16:15.511602') RETURNING "id" /*application='Roomies'*/[0m
  [1m[36mTRANSACTION (0.1ms)[0m  [1m[35mCOMMIT /*application='Roomies'*/[0m
  [1m[36mTRANSACTION (0.0ms)[0m  [1m[35mBEGIN /*application='Roomies'*/[0m
  [1m[36mVisit Create (0.7ms)[0m  [1m[32mINSERT INTO "visits" ("application_id", "scheduled_at", "status", "created_at", "updated_at") VALUES (1, '2026-09-24 22:16:15.513078', 'Completed', '2026-10-04 22:16:15.514818', '2026-10-04 22:16:15.514818') RETURNING "id" /*application='Roomies'*/[0m
  [1m[36mTRANSACTION (0.1ms)[0m  [1m[35mCOMMIT /*application='Roomies'*/[0m
  [1m[36mTRANSACTION (0.1ms)[0m  [1m[35mBEGIN /*application='Roomies'*/[0m
  [1m[36mReview Exists? (0.5ms)[0m  [1m[34mSELECT 1 AS one FROM "reviews" WHERE "reviews"."visit_id" = 1 LIMIT 1 /*application='Roomies'*/[0m
  [1m[36mReview Create (0.4ms)[0m  [1m[32mINSERT INTO "reviews" ("visit_id", "rating", "comment", "matched", "reviewed_on", "created_at", "updated_at") VALUES (1, 5, 'Great room and very friendly housemates.', TRUE, '2026-09-26', '2026-10-04 22:16:15.519877', '2026-10-04 22:16:15.519877') RETURNING "id" /*application='Roomies'*/[0m
  [1m[36mTRANSACTION (0.1ms)[0m  [1m[35mCOMMIT /*application='Roomies'*/[0m
  [1m[36mTRANSACTION (0.0ms)[0m  [1m[35mBEGIN /*application='Roomies'*/[0m
  [1m[36mApplication Exists? (0.5ms)[0m  [1m[34mSELECT 1 AS one FROM "applications" WHERE "applications"."seeker_id" = 7 AND "applications"."listing_id" = 1 LIMIT 1 /*application='Roomies'*/[0m
  [1m[36mApplication Create (0.2ms)[0m  [1m[32mINSERT INTO "applications" ("listing_id", "seeker_id", "message", "move_in_on", "stay_months", "status", "created_at", "updated_at") VALUES (1, 7, 'Interested in a 6-month stay. Non-smoker, no pets.', '2026-10-29', 6, 'Shortlisted', '2026-09-29 22:16:15.520986', '2026-10-04 22:16:15.521884') RETURNING "id" /*application='Roomies'*/[0m
  [1m[36mTRANSACTION (0.1ms)[0m  [1m[35mCOMMIT /*application='Roomies'*/[0m
  [1m[36mTRANSACTION (0.0ms)[0m  [1m[35mBEGIN /*application='Roomies'*/[0m
  [1m[36mVisit Create (0.4ms)[0m  [1m[32mINSERT INTO "visits" ("application_id", "scheduled_at", "status", "created_at", "updated_at") VALUES (2, '2026-10-07 22:16:15.522719', 'Confirmed', '2026-10-04 22:16:15.522801', '2026-10-04 22:16:15.522801') RETURNING "id" /*application='Roomies'*/[0m
  [1m[36mTRANSACTION (0.1ms)[0m  [1m[35mCOMMIT /*application='Roomies'*/[0m
  [1m[36mTRANSACTION (0.0ms)[0m  [1m[35mBEGIN /*application='Roomies'*/[0m
  [1m[36mApplication Exists? (0.4ms)[0m  [1m[34mSELECT 1 AS one FROM "applications" WHERE "applications"."seeker_id" = 8 AND "applications"."listing_id" = 2 LIMIT 1 /*application='Roomies'*/[0m
  [1m[36mApplication Create (0.1ms)[0m  [1m[32mINSERT INTO "applications" ("listing_id", "seeker_id", "message", "move_in_on", "stay_months", "status", "created_at", "updated_at") VALUES (2, 8, 'Looking for a bright room near my university.', '2026-11-03', 12, 'Pending', '2026-10-02 22:16:15.523874', '2026-10-04 22:16:15.524711') RETURNING "id" /*application='Roomies'*/[0m
  [1m[36mTRANSACTION (0.1ms)[0m  [1m[35mCOMMIT /*application='Roomies'*/[0m
  [1m[36mTRANSACTION (0.0ms)[0m  [1m[35mBEGIN /*application='Roomies'*/[0m
  [1m[36mVisit Create (0.4ms)[0m  [1m[32mINSERT INTO "visits" ("application_id", "scheduled_at", "status", "created_at", "updated_at") VALUES (3, '2026-10-09 22:16:15.525433', 'Proposed', '2026-10-04 22:16:15.525510', '2026-10-04 22:16:15.525510') RETURNING "id" /*application='Roomies'*/[0m
  [1m[36mTRANSACTION (0.4ms)[0m  [1m[35mCOMMIT /*application='Roomies'*/[0m
  [1m[36mTRANSACTION (0.0ms)[0m  [1m[35mBEGIN /*application='Roomies'*/[0m
  [1m[36mApplication Exists? (0.4ms)[0m  [1m[34mSELECT 1 AS one FROM "applications" WHERE "applications"."seeker_id" = 9 AND "applications"."listing_id" = 3 LIMIT 1 /*application='Roomies'*/[0m
  [1m[36mApplication Create (0.1ms)[0m  [1m[32mINSERT INTO "applications" ("listing_id", "seeker_id", "message", "move_in_on", "stay_months", "status", "created_at", "updated_at") VALUES (3, 9, 'Can move in soon, flexible on the date.', '2026-10-19', 6, 'Rejected', '2026-09-22 22:16:15.526805', '2026-10-04 22:16:15.527631') RETURNING "id" /*application='Roomies'*/[0m
  [1m[36mTRANSACTION (0.1ms)[0m  [1m[35mCOMMIT /*application='Roomies'*/[0m
  [1m[36mTRANSACTION (0.0ms)[0m  [1m[35mBEGIN /*application='Roomies'*/[0m
  [1m[36mVisit Create (0.4ms)[0m  [1m[32mINSERT INTO "visits" ("application_id", "scheduled_at", "status", "created_at", "updated_at") VALUES (4, '2026-09-27 22:16:15.528387', 'Completed', '2026-10-04 22:16:15.528462', '2026-10-04 22:16:15.528462') RETURNING "id" /*application='Roomies'*/[0m
  [1m[36mTRANSACTION (0.1ms)[0m  [1m[35mCOMMIT /*application='Roomies'*/[0m
  [1m[36mTRANSACTION (0.0ms)[0m  [1m[35mBEGIN /*application='Roomies'*/[0m
  [1m[36mReview Exists? (0.4ms)[0m  [1m[34mSELECT 1 AS one FROM "reviews" WHERE "reviews"."visit_id" = 4 LIMIT 1 /*application='Roomies'*/[0m
  [1m[36mReview Create (0.2ms)[0m  [1m[32mINSERT INTO "reviews" ("visit_id", "rating", "comment", "matched", "reviewed_on", "created_at", "updated_at") VALUES (4, 3, 'Nice place but a bit far from the metro.', FALSE, '2026-09-28', '2026-10-04 22:16:15.530269', '2026-10-04 22:16:15.530269') RETURNING "id" /*application='Roomies'*/[0m
  [1m[36mTRANSACTION (0.3ms)[0m  [1m[35mCOMMIT /*application='Roomies'*/[0m
  [1m[36mTRANSACTION (0.1ms)[0m  [1m[35mBEGIN /*application='Roomies'*/[0m
  [1m[36mApplication Exists? (0.6ms)[0m  [1m[34mSELECT 1 AS one FROM "applications" WHERE "applications"."seeker_id" = 10 AND "applications"."listing_id" = 4 LIMIT 1 /*application='Roomies'*/[0m
  [1m[36mApplication Create (0.3ms)[0m  [1m[32mINSERT INTO "applications" ("listing_id", "seeker_id", "message", "move_in_on", "stay_months", "status", "created_at", "updated_at") VALUES (4, 10, 'I''d love to join. I keep common areas clean.', '2026-11-13', 12, 'Pending', '2026-10-03 22:16:15.535182', '2026-10-04 22:16:15.536240') RETURNING "id" /*application='Roomies'*/[0m
  [1m[36mTRANSACTION (0.2ms)[0m  [1m[35mCOMMIT /*application='Roomies'*/[0m
  [1m[36mTRANSACTION (0.0ms)[0m  [1m[35mBEGIN /*application='Roomies'*/[0m
  [1m[36mVisit Create (0.4ms)[0m  [1m[32mINSERT INTO "visits" ("application_id", "scheduled_at", "status", "created_at", "updated_at") VALUES (5, '2026-10-10 22:16:15.537268', 'Proposed', '2026-10-04 22:16:15.537351', '2026-10-04 22:16:15.537351') RETURNING "id" /*application='Roomies'*/[0m
  [1m[36mTRANSACTION (0.2ms)[0m  [1m[35mCOMMIT /*application='Roomies'*/[0m
  [1m[36mTRANSACTION (0.1ms)[0m  [1m[35mBEGIN /*application='Roomies'*/[0m
  [1m[36mApplication Exists? (0.5ms)[0m  [1m[34mSELECT 1 AS one FROM "applications" WHERE "applications"."seeker_id" = 11 AND "applications"."listing_id" = 4 LIMIT 1 /*application='Roomies'*/[0m
  [1m[36mApplication Create (0.2ms)[0m  [1m[32mINSERT INTO "applications" ("listing_id", "seeker_id", "message", "move_in_on", "stay_months", "status", "created_at", "updated_at") VALUES (4, 11, 'Quiet student, references available.', '2026-11-18', 6, 'Withdrawn', '2026-09-26 22:16:15.538704', '2026-10-04 22:16:15.539606') RETURNING "id" /*application='Roomies'*/[0m
  [1m[36mTRANSACTION (0.2ms)[0m  [1m[35mCOMMIT /*application='Roomies'*/[0m
  [1m[36mTRANSACTION (0.1ms)[0m  [1m[35mBEGIN /*application='Roomies'*/[0m
  [1m[36mVisit Create (0.5ms)[0m  [1m[32mINSERT INTO "visits" ("application_id", "scheduled_at", "status", "created_at", "updated_at") VALUES (6, '2026-09-30 22:16:15.540538', 'Cancelled', '2026-10-04 22:16:15.540615', '2026-10-04 22:16:15.540615') RETURNING "id" /*application='Roomies'*/[0m
  [1m[36mTRANSACTION (0.1ms)[0m  [1m[35mCOMMIT /*application='Roomies'*/[0m
  [1m[36mTRANSACTION (0.0ms)[0m  [1m[35mBEGIN /*application='Roomies'*/[0m
  [1m[36mApplication Exists? (0.5ms)[0m  [1m[34mSELECT 1 AS one FROM "applications" WHERE "applications"."seeker_id" = 6 AND "applications"."listing_id" = 6 LIMIT 1 /*application='Roomies'*/[0m
  [1m[36mApplication Create (0.1ms)[0m  [1m[32mINSERT INTO "applications" ("listing_id", "seeker_id", "message", "move_in_on", "stay_months", "status", "created_at", "updated_at") VALUES (6, 6, 'Interested in this one too, great location.', '2026-10-22', 12, 'Pending', '2026-10-01 22:16:15.542251', '2026-10-04 22:16:15.543161') RETURNING "id" /*application='Roomies'*/[0m
  [1m[36mTRANSACTION (0.1ms)[0m  [1m[35mCOMMIT /*application='Roomies'*/[0m
  [1m[36mTRANSACTION (0.0ms)[0m  [1m[35mBEGIN /*application='Roomies'*/[0m
  [1m[36mApplication Exists? (0.5ms)[0m  [1m[34mSELECT 1 AS one FROM "applications" WHERE "applications"."seeker_id" = 7 AND "applications"."listing_id" = 7 LIMIT 1 /*application='Roomies'*/[0m
  [1m[36mApplication Create (0.2ms)[0m  [1m[32mINSERT INTO "applications" ("listing_id", "seeker_id", "message", "move_in_on", "stay_months", "status", "created_at", "updated_at") VALUES (7, 7, 'Would like to schedule a visit.', '2026-10-26', 6, 'Pending', '2026-09-30 22:16:15.543992', '2026-10-04 22:16:15.544890') RETURNING "id" /*application='Roomies'*/[0m
  [1m[36mTRANSACTION (0.1ms)[0m  [1m[35mCOMMIT /*application='Roomies'*/[0m
  [1m[36mTRANSACTION (0.1ms)[0m  [1m[35mBEGIN /*application='Roomies'*/[0m
  [1m[36mReport Create (1.4ms)[0m  [1m[32mINSERT INTO "reports" ("listing_id", "reporter_id", "reason", "status", "moderator_id", "resolved_on", "created_at", "updated_at") VALUES (3, 9, 'The photos do not match the actual room.', 'Pending', NULL, NULL, '2026-10-04 22:16:15.548357', '2026-10-04 22:16:15.548357') RETURNING "id" /*application='Roomies'*/[0m
  [1m[36mTRANSACTION (0.1ms)[0m  [1m[35mCOMMIT /*application='Roomies'*/[0m
  [1m[36mTRANSACTION (0.0ms)[0m  [1m[35mBEGIN /*application='Roomies'*/[0m
  [1m[36mReport Create (0.5ms)[0m  [1m[32mINSERT INTO "reports" ("listing_id", "reporter_id", "reason", "status", "moderator_id", "resolved_on", "created_at", "updated_at") VALUES (2, 10, 'Suspected duplicate listing.', 'Reviewed', 1, '2026-10-02', '2026-10-04 22:16:15.550564', '2026-10-04 22:16:15.550564') RETURNING "id" /*application='Roomies'*/[0m
  [1m[36mTRANSACTION (0.1ms)[0m  [1m[35mCOMMIT /*application='Roomies'*/[0m
  [1m[36mTRANSACTION (0.1ms)[0m  [1m[35mBEGIN /*application='Roomies'*/[0m
  [1m[36mSavedListing Exists? (0.2ms)[0m  [1m[34mSELECT 1 AS one FROM "saved_listings" WHERE "saved_listings"."user_id" = 6 AND "saved_listings"."listing_id" = 2 LIMIT 1 /*application='Roomies'*/[0m
  [1m[36mSavedListing Create (1.1ms)[0m  [1m[32mINSERT INTO "saved_listings" ("user_id", "listing_id", "created_at", "updated_at") VALUES (6, 2, '2026-10-04 22:16:15.559676', '2026-10-04 22:16:15.559676') RETURNING "id" /*application='Roomies'*/[0m
  [1m[36mSavedListing Exists? (0.2ms)[0m  [1m[34mSELECT 1 AS one FROM "saved_listings" WHERE "saved_listings"."user_id" = 6 AND "saved_listings"."listing_id" = 4 LIMIT 1 /*application='Roomies'*/[0m
  [1m[36mSavedListing Create (0.2ms)[0m  [1m[32mINSERT INTO "saved_listings" ("user_id", "listing_id", "created_at", "updated_at") VALUES (6, 4, '2026-10-04 22:16:15.562050', '2026-10-04 22:16:15.562050') RETURNING "id" /*application='Roomies'*/[0m
  [1m[36mTRANSACTION (0.2ms)[0m  [1m[35mCOMMIT /*application='Roomies'*/[0m
  [1m[36mTRANSACTION (0.1ms)[0m  [1m[35mBEGIN /*application='Roomies'*/[0m
  [1m[36mSavedListing Exists? (0.8ms)[0m  [1m[34mSELECT 1 AS one FROM "saved_listings" WHERE "saved_listings"."user_id" = 7 AND "saved_listings"."listing_id" = 1 LIMIT 1 /*application='Roomies'*/[0m
  [1m[36mSavedListing Create (0.3ms)[0m  [1m[32mINSERT INTO "saved_listings" ("user_id", "listing_id", "created_at", "updated_at") VALUES (7, 1, '2026-10-04 22:16:15.564785', '2026-10-04 22:16:15.564785') RETURNING "id" /*application='Roomies'*/[0m
  [1m[36mTRANSACTION (0.2ms)[0m  [1m[35mCOMMIT /*application='Roomies'*/[0m
  [1m[36mTRANSACTION (0.1ms)[0m  [1m[35mBEGIN /*application='Roomies'*/[0m
  [1m[36mSavedListing Exists? (0.5ms)[0m  [1m[34mSELECT 1 AS one FROM "saved_listings" WHERE "saved_listings"."user_id" = 8 AND "saved_listings"."listing_id" = 1 LIMIT 1 /*application='Roomies'*/[0m
  [1m[36mSavedListing Create (0.3ms)[0m  [1m[32mINSERT INTO "saved_listings" ("user_id", "listing_id", "created_at", "updated_at") VALUES (8, 1, '2026-10-04 22:16:15.566878', '2026-10-04 22:16:15.566878') RETURNING "id" /*application='Roomies'*/[0m
  [1m[36mSavedListing Exists? (0.1ms)[0m  [1m[34mSELECT 1 AS one FROM "saved_listings" WHERE "saved_listings"."user_id" = 8 AND "saved_listings"."listing_id" = 3 LIMIT 1 /*application='Roomies'*/[0m
  [1m[36mSavedListing Create (0.2ms)[0m  [1m[32mINSERT INTO "saved_listings" ("user_id", "listing_id", "created_at", "updated_at") VALUES (8, 3, '2026-10-04 22:16:15.568111', '2026-10-04 22:16:15.568111') RETURNING "id" /*application='Roomies'*/[0m
  [1m[36mTRANSACTION (0.2ms)[0m  [1m[35mCOMMIT /*application='Roomies'*/[0m
  [1m[36mUser Count (0.3ms)[0m  [1m[34mSELECT COUNT(*) FROM "users" /*application='Roomies'*/[0m
  [1m[36mNeighborhood Count (0.1ms)[0m  [1m[34mSELECT COUNT(*) FROM "neighborhoods" /*application='Roomies'*/[0m
  [1m[36mAmenity Count (0.1ms)[0m  [1m[34mSELECT COUNT(*) FROM "amenities" /*application='Roomies'*/[0m
  [1m[36mProperty Count (0.1ms)[0m  [1m[34mSELECT COUNT(*) FROM "properties" /*application='Roomies'*/[0m
  [1m[36mListing Count (0.1ms)[0m  [1m[34mSELECT COUNT(*) FROM "listings" /*application='Roomies'*/[0m
  [1m[36mListing Count (0.1ms)[0m  [1m[34mSELECT COUNT(*) FROM "listings" WHERE "listings"."status" = 'Published' /*application='Roomies'*/[0m
  [1m[36mApplication Count (0.1ms)[0m  [1m[34mSELECT COUNT(*) FROM "applications" /*application='Roomies'*/[0m
  [1m[36mVisit Count (0.1ms)[0m  [1m[34mSELECT COUNT(*) FROM "visits" /*application='Roomies'*/[0m
  [1m[36mReview Count (0.1ms)[0m  [1m[34mSELECT COUNT(*) FROM "reviews" /*application='Roomies'*/[0m
  [1m[36mReport Count (0.1ms)[0m  [1m[34mSELECT COUNT(*) FROM "reports" /*application='Roomies'*/[0m
  [1m[36mSavedListing Count (0.1ms)[0m  [1m[34mSELECT COUNT(*) FROM "saved_listings" /*application='Roomies'*/[0m
Using vips to process variants requires the libvips library. Please install libvips using the instructions on the libvips website.
Started GET "/" for ::1 at 2026-10-04 19:17:24 -0300
  [1m[36mActiveRecord::SchemaMigration Load (0.6ms)[0m  [1m[34mSELECT "schema_migrations"."version" FROM "schema_migrations" ORDER BY "schema_migrations"."version" ASC /*application='Roomies'*/[0m
Processing by PagesController#home as HTML
  Rendering layout layouts/application.html.erb
  Rendering pages/home.html.erb within layouts/application
  [1m[36mNeighborhood Load (1.1ms)[0m  [1m[34mSELECT "neighborhoods".* FROM "neighborhoods" ORDER BY "neighborhoods"."name" ASC /*action='home',application='Roomies',controller='pages'*/[0m
  ↳ app/views/pages/home.html.erb:23
  [1m[36mListing Exists? (0.9ms)[0m  [1m[34mSELECT 1 AS one FROM "listings" WHERE "listings"."status" = 'Published' LIMIT 1 /*action='home',application='Roomies',controller='pages'*/[0m
  ↳ app/views/pages/home.html.erb:46
  [1m[36mListing Load (0.4ms)[0m  [1m[34mSELECT "listings".* FROM "listings" WHERE "listings"."status" = 'Published' ORDER BY "listings"."available_on" ASC LIMIT 3 /*action='home',application='Roomies',controller='pages'*/[0m
  ↳ app/views/pages/home.html.erb:48
  [1m[36mPhoto Load (0.8ms)[0m  [1m[34mSELECT "photos".* FROM "photos" WHERE "photos"."listing_id" IN (1, 2, 3) ORDER BY "photos"."position" ASC /*action='home',application='Roomies',controller='pages'*/[0m
  ↳ app/views/pages/home.html.erb:48
  [1m[36mProperty Load (1.0ms)[0m  [1m[34mSELECT "properties".* FROM "properties" WHERE "properties"."id" IN (1, 2) /*action='home',application='Roomies',controller='pages'*/[0m
  ↳ app/views/pages/home.html.erb:48
  [1m[36mNeighborhood Load (0.3ms)[0m  [1m[34mSELECT "neighborhoods".* FROM "neighborhoods" WHERE "neighborhoods"."id" IN (1, 2) /*action='home',application='Roomies',controller='pages'*/[0m
  ↳ app/views/pages/home.html.erb:48
  Rendered collection of listings/_listing_card.html.erb [3 times] (Duration: 19.7ms | GC: 0.0ms)
  Rendered pages/home.html.erb within layouts/application (Duration: 29.8ms | GC: 0.0ms)
  Rendered layout layouts/application.html.erb (Duration: 33.2ms | GC: 0.0ms)
Completed 500 Internal Server Error in 74ms (ActiveRecord: 23.0ms (6 queries, 0 cached) | GC: 0.0ms)


  
ActionView::Template::Error (The asset 'application.css' was not found in the load path.)
Caused by: Propshaft::MissingAssetError (The asset 'application.css' was not found in the load path.)

Information for: ActionView::Template::Error (The asset 'application.css' was not found in the load path.):
     8:     <%= csp_meta_tag %>
     9:     <%= yield :head %>
    10:     <%= stylesheet_link_tag "application", "data-turbo-track": "reload" %>
    11:     <%= javascript_importmap_tags %>
    12:   </head>
    13: 
    14:   <body class="d-flex flex-column min-vh-100">
  
app/views/layouts/application.html.erb:11

Information for cause: Propshaft::MissingAssetError (The asset 'application.css' was not found in the load path.):
  
app/views/layouts/application.html.erb:11
Started GET "/favicon.ico" for ::1 at 2026-10-04 19:17:24 -0300
  
ActionController::RoutingError (No route matches [GET] "/favicon.ico"):
  
Using vips to process variants requires the libvips library. Please install libvips using the instructions on the libvips website.
Started GET "/" for ::1 at 2026-10-04 19:19:06 -0300
  [1m[36mActiveRecord::SchemaMigration Load (0.6ms)[0m  [1m[34mSELECT "schema_migrations"."version" FROM "schema_migrations" ORDER BY "schema_migrations"."version" ASC /*application='Roomies'*/[0m
Processing by PagesController#home as HTML
  Rendering layout layouts/application.html.erb
  Rendering pages/home.html.erb within layouts/application
  [1m[36mNeighborhood Load (0.9ms)[0m  [1m[34mSELECT "neighborhoods".* FROM "neighborhoods" ORDER BY "neighborhoods"."name" ASC /*action='home',application='Roomies',controller='pages'*/[0m
  ↳ app/views/pages/home.html.erb:23
  [1m[36mListing Exists? (0.5ms)[0m  [1m[34mSELECT 1 AS one FROM "listings" WHERE "listings"."status" = 'Published' LIMIT 1 /*action='home',application='Roomies',controller='pages'*/[0m
  ↳ app/views/pages/home.html.erb:46
  [1m[36mListing Load (0.3ms)[0m  [1m[34mSELECT "listings".* FROM "listings" WHERE "listings"."status" = 'Published' ORDER BY "listings"."available_on" ASC LIMIT 3 /*action='home',application='Roomies',controller='pages'*/[0m
  ↳ app/views/pages/home.html.erb:48
  [1m[36mPhoto Load (0.5ms)[0m  [1m[34mSELECT "photos".* FROM "photos" WHERE "photos"."listing_id" IN (1, 2, 3) ORDER BY "photos"."position" ASC /*action='home',application='Roomies',controller='pages'*/[0m
  ↳ app/views/pages/home.html.erb:48
  [1m[36mProperty Load (0.7ms)[0m  [1m[34mSELECT "properties".* FROM "properties" WHERE "properties"."id" IN (1, 2) /*action='home',application='Roomies',controller='pages'*/[0m
  ↳ app/views/pages/home.html.erb:48
  [1m[36mNeighborhood Load (0.2ms)[0m  [1m[34mSELECT "neighborhoods".* FROM "neighborhoods" WHERE "neighborhoods"."id" IN (1, 2) /*action='home',application='Roomies',controller='pages'*/[0m
  ↳ app/views/pages/home.html.erb:48
  Rendered collection of listings/_listing_card.html.erb [3 times] (Duration: 13.6ms | GC: 0.0ms)
  Rendered pages/home.html.erb within layouts/application (Duration: 21.9ms | GC: 0.0ms)
  Rendered layout layouts/application.html.erb (Duration: 24.8ms | GC: 0.0ms)
Completed 500 Internal Server Error in 52ms (ActiveRecord: 18.4ms (6 queries, 0 cached) | GC: 0.0ms)


  
ActionView::Template::Error (The asset 'application.css' was not found in the load path.)
Caused by: Propshaft::MissingAssetError (The asset 'application.css' was not found in the load path.)

Information for: ActionView::Template::Error (The asset 'application.css' was not found in the load path.):
     8:     <%= csp_meta_tag %>
     9:     <%= yield :head %>
    10:     <%= stylesheet_link_tag "application", "data-turbo-track": "reload" %>
    11:     <%= javascript_importmap_tags %>
    12:   </head>
    13: 
    14:   <body class="d-flex flex-column min-vh-100">
  
app/views/layouts/application.html.erb:11

Information for cause: Propshaft::MissingAssetError (The asset 'application.css' was not found in the load path.):
  
app/views/layouts/application.html.erb:11
Using vips to process variants requires the libvips library. Please install libvips using the instructions on the libvips website.
Started GET "/" for ::1 at 2026-10-04 19:26:20 -0300
  [1m[36mActiveRecord::SchemaMigration Load (0.4ms)[0m  [1m[34mSELECT "schema_migrations"."version" FROM "schema_migrations" ORDER BY "schema_migrations"."version" ASC /*application='Roomies'*/[0m
Processing by PagesController#home as HTML
  Rendering layout layouts/application.html.erb
  Rendering pages/home.html.erb within layouts/application
  [1m[36mNeighborhood Load (0.7ms)[0m  [1m[34mSELECT "neighborhoods".* FROM "neighborhoods" ORDER BY "neighborhoods"."name" ASC /*action='home',application='Roomies',controller='pages'*/[0m
  ↳ app/views/pages/home.html.erb:23
  [1m[36mListing Exists? (0.4ms)[0m  [1m[34mSELECT 1 AS one FROM "listings" WHERE "listings"."status" = 'Published' LIMIT 1 /*action='home',application='Roomies',controller='pages'*/[0m
  ↳ app/views/pages/home.html.erb:46
  [1m[36mListing Load (0.2ms)[0m  [1m[34mSELECT "listings".* FROM "listings" WHERE "listings"."status" = 'Published' ORDER BY "listings"."available_on" ASC LIMIT 3 /*action='home',application='Roomies',controller='pages'*/[0m
  ↳ app/views/pages/home.html.erb:48
  [1m[36mPhoto Load (0.4ms)[0m  [1m[34mSELECT "photos".* FROM "photos" WHERE "photos"."listing_id" IN (1, 2, 3) ORDER BY "photos"."position" ASC /*action='home',application='Roomies',controller='pages'*/[0m
  ↳ app/views/pages/home.html.erb:48
  [1m[36mProperty Load (0.4ms)[0m  [1m[34mSELECT "properties".* FROM "properties" WHERE "properties"."id" IN (1, 2) /*action='home',application='Roomies',controller='pages'*/[0m
  ↳ app/views/pages/home.html.erb:48
  [1m[36mNeighborhood Load (0.2ms)[0m  [1m[34mSELECT "neighborhoods".* FROM "neighborhoods" WHERE "neighborhoods"."id" IN (1, 2) /*action='home',application='Roomies',controller='pages'*/[0m
  ↳ app/views/pages/home.html.erb:48
  Rendered collection of listings/_listing_card.html.erb [3 times] (Duration: 13.6ms | GC: 0.0ms)
  Rendered pages/home.html.erb within layouts/application (Duration: 21.2ms | GC: 0.0ms)
  Rendered layouts/_navbar.html.erb (Duration: 0.2ms | GC: 0.0ms)
  Rendered layouts/_footer.html.erb (Duration: 0.1ms | GC: 0.0ms)
  Rendered layout layouts/application.html.erb (Duration: 38.9ms | GC: 9.3ms)
Completed 200 OK in 63ms (Views: 33.5ms | ActiveRecord: 14.5ms (6 queries, 0 cached) | GC: 9.3ms)


Started GET "/listings" for ::1 at 2026-10-04 19:26:21 -0300
Processing by ListingsController#index as HTML
  Rendering layout layouts/application.html.erb
  Rendering listings/index.html.erb within layouts/application
  [1m[36mListing Exists? (0.7ms)[0m  [1m[34mSELECT 1 AS one FROM "listings" WHERE "listings"."status" = 'Published' LIMIT 1 /*action='index',application='Roomies',controller='listings'*/[0m
  ↳ app/views/listings/index.html.erb:7
  [1m[36mListing Load (0.4ms)[0m  [1m[34mSELECT "listings".* FROM "listings" WHERE "listings"."status" = 'Published' ORDER BY "listings"."available_on" ASC /*action='index',application='Roomies',controller='listings'*/[0m
  ↳ app/views/listings/index.html.erb:9
  [1m[36mPhoto Load (0.4ms)[0m  [1m[34mSELECT "photos".* FROM "photos" WHERE "photos"."listing_id" IN (1, 2, 3, 4, 6, 7, 9) ORDER BY "photos"."position" ASC /*action='index',application='Roomies',controller='listings'*/[0m
  ↳ app/views/listings/index.html.erb:9
  [1m[36mProperty Load (0.3ms)[0m  [1m[34mSELECT "properties".* FROM "properties" WHERE "properties"."id" IN (1, 2, 3, 4, 5, 6) /*action='index',application='Roomies',controller='listings'*/[0m
  ↳ app/views/listings/index.html.erb:9
  [1m[36mNeighborhood Load (0.3ms)[0m  [1m[34mSELECT "neighborhoods".* FROM "neighborhoods" WHERE "neighborhoods"."id" IN (1, 2, 3, 4, 5, 6) /*action='index',application='Roomies',controller='listings'*/[0m
  ↳ app/views/listings/index.html.erb:9
  Rendered collection of listings/_listing_card.html.erb [7 times] (Duration: 11.1ms | GC: 1.3ms)
  Rendered listings/index.html.erb within layouts/application (Duration: 17.8ms | GC: 1.3ms)
  Rendered layouts/_navbar.html.erb (Duration: 0.2ms | GC: 0.0ms)
  Rendered layouts/_footer.html.erb (Duration: 0.0ms | GC: 0.0ms)
  Rendered layout layouts/application.html.erb (Duration: 29.6ms | GC: 1.8ms)
Completed 200 OK in 35ms (Views: 29.0ms | ActiveRecord: 2.2ms (5 queries, 0 cached) | GC: 1.8ms)


Started GET "/listings" for ::1 at 2026-10-04 19:26:33 -0300
Processing by ListingsController#index as HTML
  Rendering layout layouts/application.html.erb
  Rendering listings/index.html.erb within layouts/application
  [1m[36mListing Exists? (0.7ms)[0m  [1m[34mSELECT 1 AS one FROM "listings" WHERE "listings"."status" = 'Published' LIMIT 1 /*action='index',application='Roomies',controller='listings'*/[0m
  ↳ app/views/listings/index.html.erb:7
  [1m[36mListing Load (0.4ms)[0m  [1m[34mSELECT "listings".* FROM "listings" WHERE "listings"."status" = 'Published' ORDER BY "listings"."available_on" ASC /*action='index',application='Roomies',controller='listings'*/[0m
  ↳ app/views/listings/index.html.erb:9
  [1m[36mPhoto Load (0.8ms)[0m  [1m[34mSELECT "photos".* FROM "photos" WHERE "photos"."listing_id" IN (1, 2, 3, 4, 6, 7, 9) ORDER BY "photos"."position" ASC /*action='index',application='Roomies',controller='listings'*/[0m
  ↳ app/views/listings/index.html.erb:9
  [1m[36mProperty Load (0.5ms)[0m  [1m[34mSELECT "properties".* FROM "properties" WHERE "properties"."id" IN (1, 2, 3, 4, 5, 6) /*action='index',application='Roomies',controller='listings'*/[0m
  ↳ app/views/listings/index.html.erb:9
  [1m[36mNeighborhood Load (0.5ms)[0m  [1m[34mSELECT "neighborhoods".* FROM "neighborhoods" WHERE "neighborhoods"."id" IN (1, 2, 3, 4, 5, 6) /*action='index',application='Roomies',controller='listings'*/[0m
  ↳ app/views/listings/index.html.erb:9
  Rendered collection of listings/_listing_card.html.erb [7 times] (Duration: 12.4ms | GC: 0.4ms)
  Rendered listings/index.html.erb within layouts/application (Duration: 18.0ms | GC: 0.4ms)
  Rendered layouts/_navbar.html.erb (Duration: 0.2ms | GC: 0.0ms)
  Rendered layouts/_footer.html.erb (Duration: 0.0ms | GC: 0.0ms)
  Rendered layout layouts/application.html.erb (Duration: 20.1ms | GC: 0.4ms)
Completed 200 OK in 24ms (Views: 17.9ms | ActiveRecord: 3.0ms (5 queries, 0 cached) | GC: 0.4ms)


Started GET "/listings/9" for ::1 at 2026-10-04 19:26:35 -0300
Processing by ListingsController#show as HTML
  Parameters: {"id" => "9"}
  [1m[36mListing Load (0.8ms)[0m  [1m[34mSELECT "listings".* FROM "listings" WHERE "listings"."id" = 9 LIMIT 1 /*action='show',application='Roomies',controller='listings'*/[0m
  ↳ app/controllers/listings_controller.rb:10:in 'ListingsController#show'
  [1m[36mPhoto Load (0.4ms)[0m  [1m[34mSELECT "photos".* FROM "photos" WHERE "photos"."listing_id" = 9 ORDER BY "photos"."position" ASC /*action='show',application='Roomies',controller='listings'*/[0m
  ↳ app/controllers/listings_controller.rb:10:in 'ListingsController#show'
  [1m[36mProperty Load (0.6ms)[0m  [1m[34mSELECT "properties".* FROM "properties" WHERE "properties"."id" = 6 /*action='show',application='Roomies',controller='listings'*/[0m
  ↳ app/controllers/listings_controller.rb:10:in 'ListingsController#show'
  [1m[36mNeighborhood Load (0.3ms)[0m  [1m[34mSELECT "neighborhoods".* FROM "neighborhoods" WHERE "neighborhoods"."id" = 6 /*action='show',application='Roomies',controller='listings'*/[0m
  ↳ app/controllers/listings_controller.rb:10:in 'ListingsController#show'
  [1m[36mPropertyAmenity Load (0.7ms)[0m  [1m[34mSELECT "property_amenities".* FROM "property_amenities" WHERE "property_amenities"."property_id" = 6 /*action='show',application='Roomies',controller='listings'*/[0m
  ↳ app/controllers/listings_controller.rb:10:in 'ListingsController#show'
  [1m[36mUser Load (0.6ms)[0m  [1m[34mSELECT "users".* FROM "users" WHERE "users"."id" = 5 /*action='show',application='Roomies',controller='listings'*/[0m
  ↳ app/controllers/listings_controller.rb:10:in 'ListingsController#show'
  [1m[36mAmenity Load (0.8ms)[0m  [1m[34mSELECT "amenities".* FROM "amenities" WHERE "amenities"."id" IN (1, 3, 8) /*action='show',application='Roomies',controller='listings'*/[0m
  ↳ app/controllers/listings_controller.rb:10:in 'ListingsController#show'
  Rendering layout layouts/application.html.erb
  Rendering listings/show.html.erb within layouts/application
  [1m[36mReview Exists? (3.3ms)[0m  [1m[34mSELECT 1 AS one FROM "reviews" INNER JOIN "visits" ON "reviews"."visit_id" = "visits"."id" INNER JOIN "applications" ON "visits"."application_id" = "applications"."id" INNER JOIN "listings" ON "applications"."listing_id" = "listings"."id" WHERE "listings"."property_id" = 6 LIMIT 1 /*action='show',application='Roomies',controller='listings'*/[0m
  ↳ app/views/shared/_reviews.html.erb:2
  Rendered shared/_reviews.html.erb (Duration: 4.3ms | GC: 0.0ms)
  Rendered listings/show.html.erb within layouts/application (Duration: 5.9ms | GC: 0.0ms)
  Rendered layouts/_navbar.html.erb (Duration: 0.1ms | GC: 0.0ms)
  Rendered layouts/_footer.html.erb (Duration: 0.0ms | GC: 0.0ms)
  Rendered layout layouts/application.html.erb (Duration: 6.8ms | GC: 0.0ms)
Completed 200 OK in 76ms (Views: 3.9ms | ActiveRecord: 17.0ms (8 queries, 0 cached) | GC: 2.8ms)


Started GET "/listings/2" for ::1 at 2026-10-04 19:28:17 -0300
Processing by ListingsController#show as HTML
  Parameters: {"id" => "2"}
  [1m[36mListing Load (0.6ms)[0m  [1m[34mSELECT "listings".* FROM "listings" WHERE "listings"."id" = 2 LIMIT 1 /*action='show',application='Roomies',controller='listings'*/[0m
  ↳ app/controllers/listings_controller.rb:10:in 'ListingsController#show'
  [1m[36mPhoto Load (0.7ms)[0m  [1m[34mSELECT "photos".* FROM "photos" WHERE "photos"."listing_id" = 2 ORDER BY "photos"."position" ASC /*action='show',application='Roomies',controller='listings'*/[0m
  ↳ app/controllers/listings_controller.rb:10:in 'ListingsController#show'
  [1m[36mProperty Load (0.4ms)[0m  [1m[34mSELECT "properties".* FROM "properties" WHERE "properties"."id" = 1 /*action='show',application='Roomies',controller='listings'*/[0m
  ↳ app/controllers/listings_controller.rb:10:in 'ListingsController#show'
  [1m[36mNeighborhood Load (0.3ms)[0m  [1m[34mSELECT "neighborhoods".* FROM "neighborhoods" WHERE "neighborhoods"."id" = 1 /*action='show',application='Roomies',controller='listings'*/[0m
  ↳ app/controllers/listings_controller.rb:10:in 'ListingsController#show'
  [1m[36mPropertyAmenity Load (0.3ms)[0m  [1m[34mSELECT "property_amenities".* FROM "property_amenities" WHERE "property_amenities"."property_id" = 1 /*action='show',application='Roomies',controller='listings'*/[0m
  ↳ app/controllers/listings_controller.rb:10:in 'ListingsController#show'
  [1m[36mUser Load (0.3ms)[0m  [1m[34mSELECT "users".* FROM "users" WHERE "users"."id" = 2 /*action='show',application='Roomies',controller='listings'*/[0m
  ↳ app/controllers/listings_controller.rb:10:in 'ListingsController#show'
  [1m[36mAmenity Load (0.4ms)[0m  [1m[34mSELECT "amenities".* FROM "amenities" WHERE "amenities"."id" IN (1, 2, 3, 5) /*action='show',application='Roomies',controller='listings'*/[0m
  ↳ app/controllers/listings_controller.rb:10:in 'ListingsController#show'
  Rendering layout layouts/application.html.erb
  Rendering listings/show.html.erb within layouts/application
  [1m[36mReview Exists? (1.0ms)[0m  [1m[34mSELECT 1 AS one FROM "reviews" INNER JOIN "visits" ON "reviews"."visit_id" = "visits"."id" INNER JOIN "applications" ON "visits"."application_id" = "applications"."id" INNER JOIN "listings" ON "applications"."listing_id" = "listings"."id" WHERE "listings"."property_id" = 1 LIMIT 1 /*action='show',application='Roomies',controller='listings'*/[0m
  ↳ app/views/shared/_reviews.html.erb:2
  [1m[36mReview Load (0.6ms)[0m  [1m[34mSELECT "reviews".* FROM "reviews" INNER JOIN "visits" ON "reviews"."visit_id" = "visits"."id" INNER JOIN "applications" ON "visits"."application_id" = "applications"."id" INNER JOIN "listings" ON "applications"."listing_id" = "listings"."id" WHERE "listings"."property_id" = 1 /*action='show',application='Roomies',controller='listings'*/[0m
  ↳ app/views/shared/_reviews.html.erb:4
  [1m[36mVisit Load (0.3ms)[0m  [1m[34mSELECT "visits".* FROM "visits" WHERE "visits"."id" = 1 /*action='show',application='Roomies',controller='listings'*/[0m
  ↳ app/views/shared/_reviews.html.erb:4
  Rendered shared/_reviews.html.erb (Duration: 28.2ms | GC: 0.0ms)
  Rendered listings/show.html.erb within layouts/application (Duration: 29.8ms | GC: 0.0ms)
  Rendered layouts/_navbar.html.erb (Duration: 0.1ms | GC: 0.0ms)
  Rendered layouts/_footer.html.erb (Duration: 0.0ms | GC: 0.0ms)
  Rendered layout layouts/application.html.erb (Duration: 31.1ms | GC: 0.0ms)
Completed 200 OK in 54ms (Views: 27.4ms | ActiveRecord: 7.4ms (10 queries, 0 cached) | GC: 0.0ms)


Started GET "/listings" for ::1 at 2026-10-04 19:28:19 -0300
Processing by ListingsController#index as HTML
  Rendering layout layouts/application.html.erb
  Rendering listings/index.html.erb within layouts/application
  [1m[36mListing Exists? (0.6ms)[0m  [1m[34mSELECT 1 AS one FROM "listings" WHERE "listings"."status" = 'Published' LIMIT 1 /*action='index',application='Roomies',controller='listings'*/[0m
  ↳ app/views/listings/index.html.erb:7
  [1m[36mListing Load (0.5ms)[0m  [1m[34mSELECT "listings".* FROM "listings" WHERE "listings"."status" = 'Published' ORDER BY "listings"."available_on" ASC /*action='index',application='Roomies',controller='listings'*/[0m
  ↳ app/views/listings/index.html.erb:9
  [1m[36mPhoto Load (0.4ms)[0m  [1m[34mSELECT "photos".* FROM "photos" WHERE "photos"."listing_id" IN (1, 2, 3, 4, 6, 7, 9) ORDER BY "photos"."position" ASC /*action='index',application='Roomies',controller='listings'*/[0m
  ↳ app/views/listings/index.html.erb:9
  [1m[36mProperty Load (0.4ms)[0m  [1m[34mSELECT "properties".* FROM "properties" WHERE "properties"."id" IN (1, 2, 3, 4, 5, 6) /*action='index',application='Roomies',controller='listings'*/[0m
  ↳ app/views/listings/index.html.erb:9
  [1m[36mNeighborhood Load (0.4ms)[0m  [1m[34mSELECT "neighborhoods".* FROM "neighborhoods" WHERE "neighborhoods"."id" IN (1, 2, 3, 4, 5, 6) /*action='index',application='Roomies',controller='listings'*/[0m
  ↳ app/views/listings/index.html.erb:9
  Rendered collection of listings/_listing_card.html.erb [7 times] (Duration: 10.7ms | GC: 0.0ms)
  Rendered listings/index.html.erb within layouts/application (Duration: 16.0ms | GC: 0.0ms)
  Rendered layouts/_navbar.html.erb (Duration: 0.2ms | GC: 0.0ms)
  Rendered layouts/_footer.html.erb (Duration: 0.0ms | GC: 0.0ms)
  Rendered layout layouts/application.html.erb (Duration: 17.9ms | GC: 0.0ms)
Completed 200 OK in 21ms (Views: 16.6ms | ActiveRecord: 2.2ms (5 queries, 0 cached) | GC: 0.0ms)


Started GET "/" for ::1 at 2026-10-04 19:28:24 -0300
Processing by PagesController#home as HTML
  Rendering layout layouts/application.html.erb
  Rendering pages/home.html.erb within layouts/application
  [1m[36mNeighborhood Load (0.3ms)[0m  [1m[34mSELECT "neighborhoods".* FROM "neighborhoods" ORDER BY "neighborhoods"."name" ASC /*action='home',application='Roomies',controller='pages'*/[0m
  ↳ app/views/pages/home.html.erb:23
  [1m[36mListing Exists? (0.4ms)[0m  [1m[34mSELECT 1 AS one FROM "listings" WHERE "listings"."status" = 'Published' LIMIT 1 /*action='home',application='Roomies',controller='pages'*/[0m
  ↳ app/views/pages/home.html.erb:46
  [1m[36mListing Load (0.4ms)[0m  [1m[34mSELECT "listings".* FROM "listings" WHERE "listings"."status" = 'Published' ORDER BY "listings"."available_on" ASC LIMIT 3 /*action='home',application='Roomies',controller='pages'*/[0m
  ↳ app/views/pages/home.html.erb:48
  [1m[36mPhoto Load (0.3ms)[0m  [1m[34mSELECT "photos".* FROM "photos" WHERE "photos"."listing_id" IN (1, 2, 3) ORDER BY "photos"."position" ASC /*action='home',application='Roomies',controller='pages'*/[0m
  ↳ app/views/pages/home.html.erb:48
  [1m[36mProperty Load (0.2ms)[0m  [1m[34mSELECT "properties".* FROM "properties" WHERE "properties"."id" IN (1, 2) /*action='home',application='Roomies',controller='pages'*/[0m
  ↳ app/views/pages/home.html.erb:48
  [1m[36mNeighborhood Load (0.2ms)[0m  [1m[34mSELECT "neighborhoods".* FROM "neighborhoods" WHERE "neighborhoods"."id" IN (1, 2) /*action='home',application='Roomies',controller='pages'*/[0m
  ↳ app/views/pages/home.html.erb:48
  Rendered collection of listings/_listing_card.html.erb [3 times] (Duration: 7.4ms | GC: 0.0ms)
  Rendered pages/home.html.erb within layouts/application (Duration: 13.1ms | GC: 0.0ms)
  Rendered layouts/_navbar.html.erb (Duration: 0.1ms | GC: 0.0ms)
  Rendered layouts/_footer.html.erb (Duration: 0.0ms | GC: 0.0ms)
  Rendered layout layouts/application.html.erb (Duration: 14.7ms | GC: 0.0ms)
Completed 200 OK in 18ms (Views: 13.4ms | ActiveRecord: 1.8ms (6 queries, 0 cached) | GC: 0.0ms)


Started GET "/listings" for ::1 at 2026-10-04 19:28:25 -0300
Processing by ListingsController#index as HTML
  Rendering layout layouts/application.html.erb
  Rendering listings/index.html.erb within layouts/application
  [1m[36mListing Exists? (0.6ms)[0m  [1m[34mSELECT 1 AS one FROM "listings" WHERE "listings"."status" = 'Published' LIMIT 1 /*action='index',application='Roomies',controller='listings'*/[0m
  ↳ app/views/listings/index.html.erb:7
  [1m[36mListing Load (0.5ms)[0m  [1m[34mSELECT "listings".* FROM "listings" WHERE "listings"."status" = 'Published' ORDER BY "listings"."available_on" ASC /*action='index',application='Roomies',controller='listings'*/[0m
  ↳ app/views/listings/index.html.erb:9
  [1m[36mPhoto Load (0.6ms)[0m  [1m[34mSELECT "photos".* FROM "photos" WHERE "photos"."listing_id" IN (1, 2, 3, 4, 6, 7, 9) ORDER BY "photos"."position" ASC /*action='index',application='Roomies',controller='listings'*/[0m
  ↳ app/views/listings/index.html.erb:9
  [1m[36mProperty Load (0.4ms)[0m  [1m[34mSELECT "properties".* FROM "properties" WHERE "properties"."id" IN (1, 2, 3, 4, 5, 6) /*action='index',application='Roomies',controller='listings'*/[0m
  ↳ app/views/listings/index.html.erb:9
  [1m[36mNeighborhood Load (0.3ms)[0m  [1m[34mSELECT "neighborhoods".* FROM "neighborhoods" WHERE "neighborhoods"."id" IN (1, 2, 3, 4, 5, 6) /*action='index',application='Roomies',controller='listings'*/[0m
  ↳ app/views/listings/index.html.erb:9
  Rendered collection of listings/_listing_card.html.erb [7 times] (Duration: 10.7ms | GC: 0.0ms)
  Rendered listings/index.html.erb within layouts/application (Duration: 16.1ms | GC: 0.0ms)
  Rendered layouts/_navbar.html.erb (Duration: 0.2ms | GC: 0.0ms)
  Rendered layouts/_footer.html.erb (Duration: 0.0ms | GC: 0.0ms)
  Rendered layout layouts/application.html.erb (Duration: 18.4ms | GC: 0.0ms)
Completed 200 OK in 22ms (Views: 17.2ms | ActiveRecord: 2.3ms (5 queries, 0 cached) | GC: 0.0ms)


